# prop_name, value
name,anybeat
description,"A snapshot of the Anybeat online social network from 2013, before it was shut down. Nodes are users and links represent friendships. The edge direction (i, j) denotes the user i follows user j.[^icon]
[^icon]: Description obtained from the [ICON](https://icon.colorado.edu) project."
citation,"['M. Fire, R. Puzis, & Y. Elovici. \"Link prediction in highly fractional data sets.\" In Handbook of Computational Approaches to Counterterrorism. Springer, pp. 283-300 (2013), https://doi.org/10.1007/978-1-4614-5311-6_14']"
url,https://data4goodlab.github.io/MichaelFire/#section3
tags,"['Social', 'Online', 'Unweighted']"
