# prop_name, value
name,messal_shale
description,"A network of feeling links among taxa based on the 48 million years old uppermost early Eocene Messel Shale. Edge property 'certainty' denotes the certainty of the edge. Metadata include evidence, habitat, and trophic roles. The edge direction goes from consumer to resource."
citation,"['J. A. Dunne, C. C. Labandeira, & R. J. Williams, \"Highly resolved early Eocene food webs show development of modern trophic structure after the end-Cretaceous extinction.\" Proc. Royal Soc. B: Biological Sciences 281(1782), 20133280 (2014)., http://rspb.royalsocietypublishing.org/content/281/1782/20133280']"
url,http://datadryad.org/resource/doi:10.5061/dryad.ps0f0
tags,"['Biological', 'Food Web', 'Uncertain', 'Weighted', 'Metadata']"
certainty_key,"{1: 'High Certainty', 2: 'Intermediate Certainty', 3: 'Low Certainty'}"
evidence_key,"{1: 'Taxonomic Uniformity', 2: 'Functional Morphology', 3: 'Gut Contents', 4: 'Damage Pattern', 5: 'Stratigraphic Co-Occurrence', 6: 'Body Size', 7: 'Coprolites', 8: 'Host Relationship', 9: 'Biochemistry and Minerals', 10: 'Track or Domicile'}"
reference_key,"{1: 'Wuttke, M. 1992 Conservation―dissolution―transformation. On the behaviour of biogenic materials during fossilization In Messel: an insight into the history of life and of the earth (eds. S. Schaal & W. Ziegler), pp. 263‒275. Oxford, UK: Clarendon Press.', 2: 'Schweitzer, M.K., Steele, A., Toporski, J.K.W. & Fogel, M.L. 2007 Stable isotopic evidence for fossil food webs in Eocene lake Messel. Paleobiology 33, 590‒609.', 3: 'Liebig, K. 1998 Fossil microorganisms from the Eocene Messel oil shale of southern Hesse, Germany. Kaupia 7, 1-95.', 4: 'Brock, T. 1974 Biology of microorganisms Third Edition. Englewood Cliffs, NJ: Prentice Hall.', 5: 'Franzen, J.L. 2001 Taphonomic analysis of the Messel Formation (Germany). In Eocene biodiversity: unusual occurrences and rarely sampled habitats (ed. G. F. Gunnell), pp. 197‒214. New York, NY: Kluwer Academic and Plenum Publishers.', 6: 'Richter, G. & Baszio, S. 2001. First proof of planctivory/insectivory in a fossil fish: Thaumaturus intermedius from the Eocene Lake Messel (FRG). Palaeogeogr., Palaeoclim., Palaeoecol. 173, 75‒85.', 7: 'von Koenigswald, W., Storch, G. & Richter, G. 1992 Primitive insectivores, extraordinary hedgehogs, and long fingers. In Messel: an insight into the history of life and of the earth (eds. S Schaal & W. Ziegler), pp. 159‒177. Oxford, UK: Clarendon Press.', 8: 'University of Michigan Phytolab diatom home page: http: //www.umich.edu/~phytolab/GreatLakesDiatomHomePage/top.html', 9: 'Richter, G. 1988 The analysis of stomach contents of Eocene mammals from the Messel oil shale layers. Cour. Forsch.-Inst. Senck. 107, 121–127.', 10: 'Martini, E. & Rothe, P. 1993 Sieblos―a Lower Oligocene Messel-type deposit. Kaupia 2, 39–52.', 11: 'Lutz, H. 1997 Taphozönosen terrestrischer Insekten in aquatischen Sedimenten―ein Beitrag Rekonstruktion des Paläoenvironments [Terrestrial insect taphonomic assemblages in aquatic sediments―a contribution to the reconstruction of paleoenvironments]. Neues Jahrb. Geol. Paläontol. Abh. 203, 173–210. German', 12: 'Wilde, V. & Frankenhäuser, H. 1998 The Middle Eocene plant taphocoenosis from Eckfeld (Eifel, Germany). Rev. Palaeobot. Palynol. 101, 7–28.', 13: 'Franzen, J.L. 1994. Bacterial preservation of the digestive system in Messel equoids. Kaupia 4, 3‒11.', 14: 'Lenz, O. K., Wilde, V. & Riegel, W. 2007 Recolonization of a Middle Eocene volcanic site: quantitative palynology of the initial phase of the maar lake of Messel. (Germany). Rev Palaeobot. Palynol. 145, 217–242.', 15: 'Schmitz, M. & Ernst, K. 1994 Microspheroidal objects within the Eocene Messel Formation (Messel Oilshale Pit/Germany). Kaupia 4, 13–19.', 16: 'Martini, E. & Richter G. 1996 Gehäuse von Köcherfliegenlarven aus den Ablagerungen von Messel und Sieblos/Rhön [A study of the fly larval pupae from the deposits of Messel and Sieblos/Rhone]. Nat. Mus. 126, 262–266. German', 17: 'Krumbiegel, G. 1983 Insekten (Insecta). In Die Eozäne Geiseltal, ein mitteleuropäisches Raunkohlenvorkommen und seine Tier- und Pflanzenwelt [Eocene Geiseltal, a middle European bituminous coal locality and its animal and plant world] (eds. G. Krumbiegel, L. Rüffle & H. Haubold), pp. 102‒110. Wittenberg, Germany: Ziemsen. German', 18: 'Schaarschmidt, F. 1992 The vegetation: fossil plants as witnesses of a warm climate. In Messel: an insight into the history of life and of the earth (eds. S. Schaal & W. Ziegler), pp. 29‒52. Oxford, UK: Clarendon Press.', 19: 'Labandeira, C.C., Wilf, P., Johnson, K.R. & Marsh, F. 2007. Guide to Insect (and Other) Damage Types on Compressed Plant Fossils (Version 3.0). Smithsonian Institution, Washington, D.C. http://paleobiology.si.edu/insects/index.html ', 20: 'Mayr, G. & Peters, D. S. 1998 The mousebirds (Aves: Coliiformes) from the Middle Eocene Grube Messel (Hessen, Germany). Senck. Leth. 78, 179–197.', 21: 'Wappler T., Tokuda, M., Yukawa, J. & Wilde, V. 2010. Insect herbivores on Laurophyllum lanigeroides (Engelhardt 1882) Wilde: a role of a distinct plant‒associational suite in host taxonomic assignment. Palaeontographica B 283, 137‒155.', 22: 'Lenz, O. K., Wilde, V., Riegel, W. & Schaarschmidt, F. 2005 Klima- und Vegetationsdynamik im Mitteleozän von Messel―eine Neubewertung der palynologischen Daten aus der Kernbohrung 4 von 1980 [Climate and vegetational dynamics in the middle Eocene of Messel―a re-evaluation of the palynologial data from Core Boring 4 of 1980]. Cour. Forsch.-Inst. Senck. 255, 81–101. German', 23: 'Springhorn, R. 1992 Carnivores: agile climbers and prey catchers. In Messel: an insight into the history of life and of the earth (eds. S. Schaal & W. Ziegler), pp. 223‒235. Oxford, UK: Clarendon Press.', 24: 'Ferguson, D.K. 1993 Plant taphonomic studies with special reference to Messel. Kaupia 2, 117–126.', 25: 'Rüffle, L. & Jähnichen, H. (1976) Die Myrtaceen im Geiseltal und einigen anderen Fundstellen des Eozän [The Myrtaceae in Geiseltal and some other discoveries of the Eocene]. Paläont. Abh. 26, 307–336. German', 26: 'Collinson, M.E. & Gregor, H.-J. 1988 Rutaceae from the Eocene of Messel, West Germany. Tert. Res. 9, 67–80.', 27: 'Corbet, S.L. & Manchester, S.R. 2004 Phytogeography and fossil history of Ailanthus. (Simaroubaceae). Int. J. Plant Sci. 165, 671–690.', 28: 'Richter, G. 1992 Fossilized gut contents: analysis and interpretation. In Messel: an insight into the history of life and of the earth (eds. S. Schaal & W. Ziegler), pp. 285‒289. Oxford, UK: Clarendon Press.', 29: 'Paul, E.A. & Kucey, R.M.N. 1981 Carbon flow in plant microbial associations. Science 24, 473–474.', 30: 'Neubert, E. 1999 The Mollusca of the Eocene lake of Messel. Cour. Forsch.Inst. Senck. 216, 167–181.', 31: 'Wedmann, S. 2005 Annotated taxon-list of the invertebrate animals from the Eocene fossil site Grube Messel near Darmstadt, Germany. Cour. Forsch.-Inst. Senck. 255, 103–110.', 32: 'Richter, G. & Wuttke, M. 1999 Lutetiospongilla heili n. gen. n. sp. und die eozänen Spongillidenfauna von Messel [Lutetiospongilla heili n. gen n. sp. and the Eocene sponge fauna of Messel]. Cour. Forsch.-Inst. Senck. 216, 183–195. German', 33: 'Krumbiegel, G., Rüffle, L. & Haubold, H. 1983 Das Eozäne Geiseltal ein Mitteleuropäisches Braunkohlenvorkommen und seine Tier- und Pflanzenwelt [The Eocene of Geiseltal: A middle European brown coal locality and its animal and plant world]. Wittenberg: Ziemsen Verlag. German', 34: 'Rietschel, S. 1988 Gastropod excrements, evidence of life in the Messel lake. Cour. Forsch.-Inst. Senck. 107, 163–168.', 35: 'Lutz, H. 1991 Autochthone aquatische Arthropoda aus dem Mittel-Eozän der Fundstätte Messel (Insecta: Heteroptera; Coleoptera; cf. Diptera–Nematocera; Crustacea: Cladocera) [Autochthonous aquatic Arthropoda from the middle Eocene locality of Messel (Insecta: Heteroptera; Coleoptera; cf. Diptera–Nematocera; Crustacea: Cladocera)]. Cour. Forsch.-Inst. Senck. 139, 119–125. German', 36: 'Richter, G. & Krebs, G. 1999 Larvenstadien von Eintagesfliegen. (Insecta: Ephemeroptera) [Larval instars of mayflies (Insecta; Ephemeroptera)]. Nat. Mus. 129, 21–28. German', 37: 'Hellmund, M. & Hellmund, W. 2002 Neufunde und Ergänzungen zur Forpflanzungsbiologie fossiler Kleinlibellen. (Insecta, Odonata, Zygoptera) [New finds and additions to the reproductive biology of damselflies (Insecta, Odonata, Zygoptera)]. Stutt. Beitr. Naturk. Abt. B 319, 1–26. German', 38: 'Lutz, H. 1987. Die Insekten-Thanatocoenose aus dem Mittel-Eozän der “Grube Messel” bei Darmstadt: Erste Ergebnisse [The insect death assemblages from the middle Eocene of the Messel Pit in Darmstadt: first results]. Cour. Forsch.-Inst. Senck. 91, 189–201. German', 39: 'Lutz, H. 1992 Giant ants and other rarities: the insect fauna. In Messel: an insight into the history of life and of the earth (eds. S. Schaal & W. Ziegler), pp. 53‒67. Oxford, UK: Clarendon Press.', 40: 'Tröster G. (1992) Fossile Insekten aus dem mitteleozänen Tonsteinen der Grube Messel bei Darmstadt [Fossil insects from the middle Eocene tonsteins of Messel Pit at the Messel Pit in Darmstadt]. Mitteil. Int. Entomol. Vereins 17, 191–208. German', 41: 'Lutz, H. 1990 Systematische und palökologische Untersuchungen an Insekten aus dem Mittel-Eozän der Grube Messel bei Darmstadt [Systematic and paleoecological development of insects from the middle Eocene of Messel Pit near Darmstadt]. Cour. Forsch.-Inst. Senck. 124, 1–165. German', 42: 'Sarzetti, L.C., Labandeira, C.C., Muzón, J., Wilf, P., Cúneo, N.R., Johnson, K.R. & Genise, J.F. 2009 Odonatan endophytic oviposition from the Eocene of Patagonia: The ichnogenus Paleoovoidius and implications for dragonfly behavioral stasis. J. Paleontol. 83, 431–447.', 43: 'Meunier, F. 1921 Die Insektenreste aus dem Lutetien von Messel bei Darmstadt [The insect remains from the Lutetian of Messel in Darmstadt]. Abhand. Hess. Geol. Landes. Darmstadt 7, 1–15. German', 44: 'Richter, G. & Storch, G. 1980 Beiträge zur Ernährungsbiologie eozäner Fledermäuse aus der “Grube Messel” [Contributions to the feeding biology of Eocene bats from the Messel pit]. Nat. Mus. 110, 353–367. German', 45: 'Wappler, T. & Engel, M.S. 2003 The middle Eocene bee faunas of Eckfeld and Messel, Germany (Hymenoptera: Apoidea). J. Paleontol. 77, 908–921.', 46: 'Wappler, T. & Engel, M.S. 2006 A new record of Mastotermes from the Eocene of Germany (Isoptera: Mastotermitidae). J. Paleontol. 80, 380–385.', 47: 'Tilgner, E. 2001 The fossil record of Phasmida (Insecta: Neoptera). Ins. Syst. Evol. 31, 473–480.', 48: 'Wedmann, S., Bradler, S. & Rust, J. 2007 The first fossil leaf insect: 47 million years of specialized cryptic morphology and behavior. Proc. Natl. Acad. Sci. USA 104, 565–569.', 49: 'Wappler, T. & Ben-Dov, Y. 2008 Preservation of armoured scale insects on angiosperm leaves from the Eocene of Germany. Acta Palaeontol. Pol. 53, 627–634.', 50: 'Hottes, F.C. & Frison, T.H. 1931 The plant lice, or Aphiidae, of Illinois. Bull. Illinois Nat. Hist. Surv. 19, 121–447.', 51: 'Wappler, T. 2004 Notes on a plant-hopper (Hemiptera: Fulgoromorpha: Dictyopharidae) from the middle Eocene Messel maar. Neues Jahrb. Geol. Paläontol. Mon. 2004, 694–704.', 52: 'Szwedo, J. & Wappler, T. 2006 New planthoppers (Insecta: Hemiptera: Fulgoromorpha) from the middle Eocene Messel maar. Ann. Zool. 56, 555–566.', 53: 'Wappler, T. 2006 Lutetiacader, a puzzling new genus of cantacaderid lace bugs (Heteroptera: Tingidae) from the middle Eocene Messel Maar. Palaeontology 49, 435–444.', 54: 'Kinzelbach, R.K. 1970 Wanzen aus dem eozänen Ölshiefer von Messel (Insecta: Heteroptera) [Bugs from the Eocene oil shale of Messel (Insecta: Heteroptera)]. Notiz. Hess. Landes. Boden. Wiesbaden 98, 9–18. German', 55: 'Wappler, T. 2003 New fossil lace bugs (Heteroptera: Tingidae) from the middle Eocene of the Grube Messel (Germany) with a catalog of fossil lace bugs. Zootaxa, 374, 1–26.', 56: 'Andersen, M.M. 1998 Water striders from the Paleogene of Denmark with a review of the fossil record and evolution of semiaquatic bugs (Hemiptera, Gerromorpha). Biol. Skrif. 50, 1–157.', 57: 'Wappler, T. & Andersen, N.M. 2004 Fossil water striders from the middle Eocene fossil sites of Eckfeld and Messel, Germany (Hemiptera, Gerromorpha). Palaeontol. Z. 78, 41–52.', 58: 'Wedmann, S. & Makarkin, V.N. 2006 A new genus of Mantispidae (Insecta: Neuroptera) from the Eocene of Germany, with a review of the fossil record and palaeobiogeography of the family. Zool. J. Linn. Soc.-Lond. 149, 701–716.', 59: 'Tröster, G. 1993 Zwei neue mitteleuropäische Arten der Gattung Tenomerga Neboiss 1984 aus dem Mitteleozän der Grube Messel und des Eckfelder Maares (Coleoptera: Archostemmata: Cupedidae) [Two new middle European species of the genus Tenomerga Neboiss 1984 from the middle Eocene Messel Pit and Eckfeld Maar. (Coleoptera: Archostemmata: Cupedidae]. Mainzer Naturwissen. Archiv 31, 169–176. German', 60: 'Tröster, G. 1993 Wasserkäfer und andere Raritäten―Neue Coleoptera-Funde aus dem mitteleozänen Tonsteinen der Grube Messel bei Darmstadt [Water beetles and other rarities―new Coleoptera finds from the middle Eocene tonstein of the Messel Pit in Darmstadt]. Kaupia 2, 145–154. German', 61: 'Hörnschemeyer, T. & Wedmann, S. 1994 Fossile Prachtkäfer (Coleoptera: Buprestidae: Buprestinae) aus dem Mitteleozän der Grube Messel bei Darmstadt, Teil 1. [Fossil metallic wood-boring beetles (Coleoptera: Buprestidae: Buprestinae) from the middle Eocene of the Messel Pit in Darmstadt, Part 2]. Cour. Forsch.-Inst. Senck. 170, 85–136. German', 62: 'Wedmann, S. & Hörnschemeyer, T. 1994 Fossile Prachtkäfer (Coleoptera: Buprestidae: Buprestinae und Agrilinae) aus dem Mitteleozän der Grube Messel bei Darmstadt, Teil 2 [Fossil metallic wood-boring beetles (Coleoptera: Buprestidae: Buprestinae and Agrilinae) from the middle Eocene of the Messel Pit in Darmstadt, Part 2]. Cour. Forsch.-Inst. Senck. 170, 137–187. German', 63: 'Wedmann, S. 1994 Fossil Vertreter der Eucnemidae und Throscidae (Insecta: Coleoptera) aus der mitteleozänen Messelformation der Grube Messel bei Darmstadt [Fossil representatives of Eucnemidae and Throscidae (Insecta: Coleoptera) from the middle Eocene Messel Formation of the Messel Pit in Darmstadt]. Cour. Forsch.-Inst. Senck. 170, 65–73. German', 64: 'Tröster, G. 1994 Neue Arten der Gattung Macropunctum (Insecta, Coleoptera, Elateridae) aus der Ölschieferfazies der mitteleozänen Messelformation der Grube Messel bei Darmstadt [New species of the genus Macropunctum (Insecta, Coleoptera, Elateridae) of the oil-shale facies of the middle Eocene Messel Formation from the Messel Pit near Darmstadt]. Palaeontol. Z. 68, 145–162. German', 65: 'Tröster, G. 1994 Fossile Elateridae (Insecta: Coleoptera) aus dem Unteren Mitteleozän (Lutetium) der Grube Messel bei Darmstadt [Fossil Elateridae (Insecta: Coleoptera) from the lower middle Eocene (Lutetian) of the Messel Pit near Darmstadt]. Cour. Forsch.-Inst. Senck. 170, 11–64. German', 66: 'Tröster, G. 1999 An unusual new fossil click beetle (Coleoptera: Elateridae) from the Middle Eocene of the Grube Messel (Germany). Neues Jahrb. Geol. Paläont. Mon. 1999, 11–20.', 67: 'Tröster, G. 1991 Eine neue Gattung der Elateridae (Insecta: Coleoptera): Macropunctum gen. n. aus dem Messel-Formation des unteren Mittel-Eozän der Fundstätte Messel [A new genus of Elateridae (Insecta: Coleoptera): Macropunctum gen. n. from the Messel Formation of the lower middle Eocene from the Messel locality]. Cour. Forsch.-Inst. Senck. 139, 99–117. German', 68: 'Tröster, G. 1993 Fossil Schnellkäfer der Gattung Lanelater Arnett 1952 (Coleoptera, Pyrophorinae, Agrypnini) aus dem Eozän der Grube Messel bei Darmstadt [Fossil click beetles of the genus Lanelater Arnett 1952 (Coleoptera, Pyrophorinae, Agrypnini) from the Eocene of Messel Pit near Darmstadt]. Senck. Leth. 73, 49–60. German', 69: 'Hörnschemeyer, T., Tröster, G. & Wedmann, S. 1995 Die eozänen Käferfaunen des Geiseltales und der Grube Messel―ein Verleich unter systematischen und paläoökologischen Gesichtpunkten [The Eocene beetle fauna of Geiseltal and the Messel Pit―a constrained systematic and paleoecological time-facies]. Hall. Jahrb. Geowiss. Abt. B 17, 107–119. German', 70: 'Hörnschemeyer, T. 1994 Ein fossiler Tenebrionidae: Ceropria? messelense n. sp. (Coleoptera: Tenebrionidae: Diaperinae) aus dem Mitteleozän der Grube Messel bei Darmstadt [A fossil Tenebrionidae: Ceropria? messelense n. sp. (Coleoptera: Tenebrionidae: Diaperinae) from the middle Eocene of the Messel Pit near Darmstadt]. Cour. Forsch.-Inst. Senck. 170, 75–83. German', 71: 'Lutz H. 1985 Eine wasserlebende Käferlarve aus dem Mittel-Eozän der Grube Messel [An aquatic beetle larva from the middle Eocene of the Messel Pit]. Nat. Mus. 115, 55–60. German', 72: 'Mai, D.H. 1976 Fossile Früchte und Samen aus dem Mitteleozän des Geiseltales [Fossil fruits and seeds from the middle Eocene of Geiseltal]. Abhand. Zent. Geol. Inst. Paläontol. 26, 93–149. German', 73: 'Barthel, M. & Rüffle, L. 1976 Ein Massenvorkommen von Symplocaceenblättern als Beispiel einer Variationsstatistik [A mass occurrence of Symplocaceae leaves as a sample of statistical variation]. Abhhand. Zent. Geol. Inst. Paläontol. 26, 291–305. German', 74: 'Wedmann, S. 2007 A nemestrinid fly (Insecta: Diptera) from the Eocene Messel pit. (Germany). J. Paleontol. 81, 1114–1117.', 75: 'Gahl, H. & Maschwitz, U. 1977 Eine Amiese aus dem Mittel-Eozän von Messel bei Darmstadt (Hessen) [An ant from the middle Eocene of Messel near Darmstadt (Hesse)]. Geol. Jahrb. Hess. 105, 69–73. German', 76: 'Lutz, H. 1986 Eine neue Unterfamilie der Formicidae (Insecta: Hymenoptera) aus dem mittel eozänen Ölschiefer der “Grube Messel” bei Darmstadt (Deutschland, S-Hessen) [A new subfamily of Formicidae (Insecta: Hymenoptera) from the middle Eocene oil shale of the Messel Pit near Darmstadt (Germany, south Hesse)]. Senck. Leth. 67, 177–218. German', 77: 'Kinzelbach, R.K. 1970 Eine Gangmine aus dem eozänen Ölshiefer von Messel. (Insecta: ?Lepidoptera) [A serpentine mine from the Eocene oil shale of Messel. (Insecta: ?Lepidoptera]. Palaeontol. Z. 44, 93–96. German', 78: 'Straus, A. 1976 Eine Gangmine im Eozän von Messel [A serpentine mine in the Eocene of Messel]. Aufschlüss 27, 445–446. German', 79: 'Freeman, T.N. 1965 A lepidopterous leaf mine from the Tertiary Period. Can. Entomol. 97, 1069–1070.', 80: 'Schaarschmidt, F. & Wilde, V. 1986 Palmenblüten und –blätter aus dem Eozän von Messel [Palm flowers and leaves from the Eocene of Messel]. Cour. Forsch.Inst. Senck. 8, 177–202. German', 81: 'Gaudant, J. 2005 Compléments à l’étude d’Atractosteus kinkelini n. sp. [=Atractosteus strausi (Kinkelin)], un Actinoptérygien primitive de l’Eocène moyen de Messel (Hesse, Allemagne) [Contribution to the study of Atractosteus kinkelini n. sp. [=Atractosteus strausi (Kinkelin)], a primitive actinopterygian from the middle Eocene of Messel (Hesse, Germany)]. Cour. Forsch.-Inst. Senck. 255, 111–132. French', 82: 'Micklich, N. & Klappert, G. 2001 Masillosteus kelleri, a new gar (Actinopterygii, Lepisosteidae) from the Middle Eocene of Grube Messel (Hessen, Germany). Kaupia 11, 73–81.', 83: 'Micklich, N. 1992 Ancient knights-in-armour and modern cannibals. In Messel: an insight into the history of life and of the earth (eds. S Schaal & W Ziegler), pp. 69‒92. Oxford, UK: Clarendon Press.', 84: 'Gaudant, J. 1999 Cyclurus kehreri (Andreae) un éspèce clé pur la conaissance des Amiidae (poisons actinoptérygiens) du Paléogène européen [Cyclurus kehreri (Andreae), a species important for understanding the Amiidae (actinopterygian fish) of the European Paleogene]. Cour. Forsch.Inst. Senck. 216, 131–165. French', 85: 'Gaudant, J. & Meunier, F.J. 2004 Un test pour determiner la position systématique du genre Thaumaturus Reuss 1844 (poisson téléostéen): l’approache paléohistologique. [A test for determining the systematic position of the genus Thaumaturus Reuss 1844 (teleost fish): a paleohistological approach]. Cour. Forsch.Inst. Senck. 252, 79–93. French', 86: 'Gaudant, J. & Micklich, N. 1990 Rhenanoperca minuta nov. gen., nov. sp., ein neuer Percoide (Pisces, Perciformes) aus der Messel-Formation (Mittel-Eozän, Unteres Geiseltalium) [Rhenanoperca minuta nov. gen., nov. sp., a new perch (Pisces, Perciformes) from the Messel Formation (middle Eocene, lower Geiseltalian)]. Paläontol. Z. 64, 269–286. German', 87: 'Wuttke, M. 1992 Death and burial of the vertebrates. In Messel: an insight into the history of life and of the earth (eds. S. Schaal & W. Ziegler), pp. 257‒262. Oxford, UK: Clarendon Press.', 88: 'Wuttke, M. 1992 Amphibia at Lake Messel: salamanders, toads, and frogs. In Messel: an insight into the history of life and of the earth (eds. S. Schaal & W. Ziegler). Oxford, UK: Clarendon Press.', 89: 'Morlo, M., Schaal, S., Mayr, G. & Seiffert, C. 2004 An annotated taxonomic list of the middle Eocene (MP 11) Vertebrata of Messel. Cour. Forsch.Inst. Senck. 25, 95–108.', 90: 'Keller, T. & Schaal, S. 1992 Lizards: reptiles en route to success. In Messel: an insight into the history of life and of the earth (eds. S. Schaal & W. Ziegler), pp. 119‒133. Oxford, UK: Clarendon Press.', 91: 'Morlo, M., Rabenstein, R., Schaal, S. & Habersetzer, J. 2002 Diet of non-flying Messel tetrapods: direct vs. indirect evidence. J. Vertebr. Paleontol. 22 (Suppl 3), 90A.', 92: 'Rossmann T. (2001) Geiseltaliellus longicaudus Kuhn (Lacertilia: Iguanoidea) aus dem Eozän von Mitteleuropa: Neue Erkenntnisse zur Paläobiologie und Paläobiogeographie [Geiseltaliellus longicaudus Kuhn (Lacertilia: Iguanoidea) from the Eocene of middle Europe: new insight for paleobiology and paleobiogeography]. Neues Jahrb. Geol. Paläontol. Abh. 221, 1–33. German', 93: 'Rossmann, T. 2005 Nachtrag zur Osteologie und Paläobiologie von Geiseltaliellus longicaudus Kuhn (Lacertilia, Iguanoidea) aus dem Mitteleren Eozän (MP 11) der Grube Messel, bei Darmstadt [Supplement to the osteology and paleobiology of Geiseltaliellus longicaudus Kuhn (Lacertilia, Iguanoidea) from the middle Eocene (MP 11) of the Messel Pit, near Darmstadt]. Cour. Forsch.Inst. Senck. 255, 225–236. German', 94: 'Weber, S. 2001 Taxonomy and paleobiology of a basal scincoid lizard (Lacertilia, Scincomorpha: gen. et sp. nov.) from the Messel Formation. (middle Eocene: basal Lutetian, Geiseltalium), Germany. (Ph.D. thesis, University of Frankfurt, Germany).', 95: 'Sullivan, R.M., Keller, T. & Habersetzer, J. 1999 Middle Eocene (Geiseltalian) anguid lizards from Geiseltal and Messel, Germany. Cour. Forsch.-Inst. Senck. 216, 97–129.', 96: 'Schaal, S. 2004 Palaeopython fischeri n. sp. (Serpentes: Boidae), eine Riesenschlange aus dem Eozän (MP 11) von Messel [Palaeopython fischeri n. sp. (Serpentes: Boidae), a giant snake from the Eocene (MP 11) of Messel]. Cour. Forsch.-Inst. Senck. 252, 35–45. German', 97: 'Schaal, S. & Baszio, S. 2004 Messelophis ermannorum n. sp., eine neue Zwergboa (Serpentes: Boidae: Tropidopheinae) aus dem mittel-Eozän von Messel [Messelophis emannorum n. sp., a new dwarf boa (Serpentes: Boidae: Troidopheinae) from the middle Eocene of Messel]. Cour. Forsch.Inst. Senck. 252, 67–77. German', 98: 'Baszio, S. 2004 Messelophis variatus n. gen. n. sp. from the Eocene of Messel: a tropidopheine snake with affinities to Erycinae (Boidae). Cour. Forsch.-Inst. Senck. 252, 47–66. German', 99: 'Hervet, S. 2004 Systématique du groupe “Palaeochelys sensu lato–Mauremys” (Chelonii, Testudinoidea) du Tertiare d’Europe occidentale: Principaux resultants [Systematics of the “Palaeochelys sensu lato–Mauremys” group (Chelonii, Testudinoidea) from the Tertiary of western Europe: major results]. Ann. Paléontol. 90, 13–78. French', 100: 'Gaßner, T., Micklich, N., Kohring, R. & Gruber, G. 2001 Turtles (Testudines, Geomydidae “Ocadia” sp.) with three-dimensionally preserved remains of internal organs from the middle Eocene of Grube Messel (Hessen, Germany). Kaupia 11, 111–123.', 101: 'Keller, T. & Schaal S. 1992 Freshwater turtles. In Messel: an insight into the history of life and of the earth (eds. S. Schaal & W. Ziegler), pp. 99‒106. Oxford, UK: Clarendon Press.', 102: 'Keller, T. & Schaal S. 1992 Crocodiles: large ancient reptiles. In Messel: an insight into the history of life and of the earth (eds. S. Schaal & W. Ziegler), pp. 106‒118. Oxford, UK: Clarendon Press', 103: 'Carroll, R.L. (1988) Vertebrate paleontology and evolution. New York, NY: W.H. Freeman.', 104: 'Rossmann, T. 1999 Studien an känozoischen krokodilen: 1. Die paläoökologische Bedeutung des eusuchen krokodils Pristichampsus rollinatii (Gray) für die Fossillagerstätte Grube Messel [Studies of Cenozoic crocodiles: 1.The paleoecological significance of the eusuchian crocodile Pristichampsus rollinatii (Gray) from the Messel Pit fossil Lagerstätte]. Cour. Forsch.-Inst. Senck. 216, 85–96. German', 105: 'Rossmann, T. & Blume M. 1999 Die krokodil Fauna der Fossil-lagerstätte Grube Messel: Ein aktueller Überblick [The crocodilian fauna of the Messel Pit fossil Lagerstätte: a current overview]. Nat. Mus. 129, 261–270. German', 106: 'Peters, D.S. 1992 Messel birds: a land-based assemblage In Messel: an insight into the history of life and of the earth (eds. S. Schaal & W. Ziegler), pp. 135‒151. Oxford, UK: Clarendon Press.', 107: 'Mayr, G. 2000 New or previously unrecorded avian taxa from the middle Eocene of Messel (Hessen, Germany). Mitteil. Mus. Naturk. Berlin (Geowiss. Reihe) 3, 207–219.', 108: 'Mayr, G. 2005 The Paleogene fossil record of birds in Europe. Biol. Rev. 80, 515–542.', 109: 'Mayr, G. 2006 New specimens of the early Eocene stem group galliform Paraortygoides (Gallinuloididae), with comments on the evolution of a crop in the stem lineage of Galliformes. J. Ornithol. 147, 31–47.', 110: 'Buffetaut, E. 1997 New remains of the giant bird Gastornis from the upper Paleocene of the eastern Paris Basin and the relationships between Gastornis and Diatryma. Neues Jahrb. Geol. Paläontol. Mon. 1997, 179–190.', 111: 'Mayr, G. 2002 A skull of a new pelecaniform bird from the middle Eocene of Messel, Germany. Acta Palaeontol. Pol. 47, 507–512.', 112: 'Mayr, G. 1999 Pumiliornis tessellatus n. gen. n. sp., a new enigmatic bird from the Middle Eocene of Grube Messel (Hessen, Germany). Cour. Forsch.-Inst. Senck. 216, 75–83.', 113: 'Morlo, M. 2004 Diet of Messelornis (Aves: Gruiformes), an Eocene bird from Germany. Cour. Forsch.-Inst. Senck. 252, 29–33.', 114: 'Mayr, G. 2000 A remarkable new “gruiform” bird from the Middle Eocene of Messel (Hessen, Germany). Palaeontol. Z. 74, 187–194.', 115: 'Mayr, G. 2000 Charadriiform birds from the early Oligocene of Céreste (France) and the Middle Eocene of Messel (Hessen, Germany). Géobios 33, 625–636.', 116: 'Mayr, G. 2006 A new raptorial bird from the middle Eocene of Messel, Germany. Hist. Biol. 18, 95–102.', 117: 'Peters, D.S. 1994 Messelastur gratulator n. gen. n. spec., ein Greifvogel aus der Grube Messel (Aves: Accipitridae). Cour. Forsch.-Inst. Senck. 170, 3–9.', 118: 'Mayr, G. 2005 The postcranial osteology and phylogenetic position of the middle Eocene Messelastur gratulator Peters, 1994―a morphological link between owls (Strigiformes) and falconiform birds? J. Vertebr. Paleontol. 25, 635–645.', 119: 'Mayr, G. 1998 A new family of Eocene zygodactyls birds. Senck. Leth. 78, 199–209.', 120: 'Mayr, G. 2003 Pseudasturides n. gen., a replacement name for the stem group parrot Pseudastur Mayr 1998 (preoccupied by Pseudastur Blyth 1850). Senck. Leth. 83, 2.', 121: 'Mayr, G, & Daniels, M. 1998 Eocene parrots from Messel (Hessen, Germany) and the London Clay of Walton-on-the-Naze (Essex, England). Senck. Leth. 78, 157–177.', 122: 'Mayr, G. & Daniels, M. 2001 A new short-legged landbird from the early Eocene of Wyoming and contemporaneous European sites. Acta Palaeont. Pol. 46, 393–402.', 123: 'Fischer, K. 1978 Neue Reste de Riesenlaufvogels Diatryma aus dem Eozän des Geiseltales bei Halle (DDR) [New remains of giant walking birds: Diatryma from the Eocene of Geiseltal, near Halle (DDR)]. Mitteil. Zool. Mus. Berlin 54, 133–144. German', 124: 'Houde, P. & Olson S.L. 1992 A radiation of coly-like birds from the early Eocene of North America (Aves: Sandcoleiformes new order) In Papers in avian paleontology honoring Pierce Brodkorb (ed. K. E. Campbell Jr). Nat. Hist. Mus. Los Angles Co. Sci. Ser. 36, 137–160.', 125: 'Mayr, G. 2000 Tiny hoopoe-like birds from the Middle Eocene of Messel (Germany). Auk 117, 964–970.', 126: 'Mayr, G. 2005 A new Eocene Chascacocolius-like mousebird (Aves: Coliiformes) with a remarkable gaping adaptation. Org. Divers. Evol. 5, 167–171.', 127: 'Peters, D.S. 1999 Selmes absurdipes, new genus, new species, a sandcoleiform bird from the Oil Shale of Messel (Germany, Middle Eocene). In Avian paleontology at the close of the 20th century (ed. S. L. Olson). Smithson. Contrib. Paleobiol. 89, 217–222.', 128: 'Mayr G. (2001) New specimens of the Middle Eocene fossil mousebird Selmes absurdipes Peters 1999. Ibis 143, 427–434.', 129: 'Mayr, G. 2005 A Fluvioviridavis-like bird from the middle Eocene of Messel, Germany. Can. J. Earth Sci. 42, 2021–2037.', 130: 'Mayr, G. 1999 Caprimulgiform birds from the Middle Eocene of Messel (Hessen, Germany). J. Vertebr. Paleontol. 19, 521–532.', 131: 'Mayr, G. 2001 Comments on the osteology of Masillapodargus longipes Mayr 1999. Neues Jahrb. Geol. Paläontol. Mon. 2001, 65–76.', 132: 'Peters, D.S. 1985 Ein neuer Segler aus der Grube Messel und seine Bedeutung für den Status der Aegialornithidae (Aves: Apodiformes) [A new swift from the Messel Pit and its importance for the status of the Aegialornithidae (Aves: Apodiformes). Senck. Leth. 66, 143–164. German', 133: 'Mayr, G. & Peters, D.S. 1999 On the systematic position of the Middle Eocene swift Aegialornis szarskii Peters 1985 with description of a new swift-like bird from Messel (Aves, Apodiformes). Neues Jahrb. Geol. Paläontol. Mon. 1999, 312–320.', 134: 'Mayr, G. 2003 A new Eocene swift-like bird with a peculiar feathering. Ibis 145, 382–391.', 135: 'Mayr, G. 1998 Ein Archaeotrogon (Aves: Archaeotrogonidae) aus dem Mittel-Eozän der Grube Messel (Hessen, Deutschland) [An Archaeotrogon (Aves: Archaeotrogonidae) from the middle Eocene of the Messel Pit (Hesse, Germany). J. Ornithol. 139, 121–129. German', 136: 'Mayr, G. 2004 New specimens of Hassiavis laticaudata (Aves: Cypselomorphae) and Quasisyndactylus longibrachis (Aves: Alcediniformes) from the middle Eocene of Messel, Germany. Cour. Forsch.-Inst. Senck. 252, 23–28.', 137: 'Mayr, G. 2005 A new cypselomorph bird from the middle Eocene of Germany and the early diversification of avian aerial insectivores. Condor 107, 342–352.', 138: 'Kahru, A. 1999 A new genus and species of the family Jungornithidae (Apodiformes) from the late Eocene of the northern Caucasus, with comments on the ancestry of hummingbirds. In Avian paleontology at the close of the 20th century (ed. S. L. Olson). Smithson. Contrib. Paleobiol. 89, 207–216.', 139: 'Mayr, G. 2002 A new species of Plesiocathartes (Aves: ?Leptosomidae) from the Middle Eocene of Messel, Germany. PaleoBios 22, 10–20.', 140: 'Mayr, G. & Mourer-Chauviré, C. 2000 Rollers (Aves: Coraciiformes s.s.) from the Middle Eocene of Messel (Germany) and the Upper Eocene of Quercy (France). J. Vertebr. Paleontol. 20, 179–197.', 141: 'Mayr, G. 1998 “Coraciiforme” und “piciforme” Kleinvögel aus dem Mittel-Eozän der Grube Messel (Hessen, Deutschland) [“Kingfisher-like” and “woodpecker-like” small birds from the Middle Eocene of the Messel Pit (Hesse, Germany)]. Cour. Forsch.-Inst. Senck. 205, 1–101. German', 142: 'Mayr, G. 2006 New specimens of the Eocene Messellirrisoridae (Aves: Bucerotes), with comments on the preservation of uropygial gland waxes in fossil birds from Messel and the phylogenetic affinities of Bucerotes. Paläontol. Z. 80, 390–405.', 143: 'Feduccia, A. 1973 A new Eocene zygodactyl bird. J. Paleontol. 47, 501–503.', 144: 'Mayr, G. 2001 A new specimen of the tiny middle Eocene bird Gracilitarsus mirabilis (new family: Gracilitarsidae). Condor 103, 78–84.', 145: 'Mayr, G. 2005 New trogons from the early Tertiary of Germany. Ibis 147, 512–518.', 146: 'Mayr, G. 2002 A postcranial skeleton of Palaeopsittacus Harrison, 1982 (Aves incertae sedis) from the Middle Eocene of Messel (Germany). Oryctos 4, 75–82.', 147: 'Mayr, G. 2005 Fossil hummingbirds in the Old World. Biologie 52, 12–16.', 148: 'Crochet, J.-Y. 1979 Diversité systématique des Didelphidae (Marsupialia) européens tertiare [Diversity and systematics of the European Tertiary Didelphidae (Marsupialia)]. Géobios 12, 365–378. French', 149: 'Storch, G. 1993 “Grube Messel” and African-South American faunal connections. In The Africa–South America connection (eds. W. George & R. Lavocat), pp. 76‒86. Oxford, UK: Oxford University Press.', 150: 'Kurz, C. 2001 Osteologie einer Beutelratte (Didelphimorphia, Marsupialia, Mammalia) aus dem Mitteleozän der Grube Messel bei Darmstadt [Osteology of an opossum (Didelphinimorphia, Marsupialia, Mammalia) from the middle Eocene of the Messel Pit near Darmstadt]. Kaupia 11, 83–109. German', 151: 'Storch, G. 1993 Amphiperatherium goethei, ein weiteres Beuteltier aus dem Eozän von Messel (Mammalia, Didelphidae) [Amphiperatherium goethei, another marsupial from the Eocene of Messel (Mammalia, Didelphidae)]. Carolinea 51, 123–124. German', 152: 'von Koenigswald, W. & Storch, G. 1992 The marsupials: inconspicuous opossums. In Messel: an insight into the history of life and of the earth (eds. S. Schaal & W. Ziegler), pp. 153‒158. Oxford, UK: Clarendon Press.', 153: 'Kurz, C. & Habersetzer J. (2004) Untersuchungen der Zahnmorphologie von Beutelratten aus Messel mit der Mikroröntgenmethode CORR [The development of tooth morphology of opossums from Messel with the microroentgen method CORR]. Cour. Forsch.-Inst. Senck. 252, 13–21. German', 154: 'Pfretzschner, H.-U. 1999 Buxolestes minor n. sp.―ein neuer Pantolestide (Mammalia, Proteutheria) aus der eozänen Messel-Formation [Buxolestes minor n. sp.―a new pantolestid (Mammalia, Proteutheria) from the Eocene Messel Formation]. Cour. Forsch.-Inst. Senck. 216, 19–29. German', 155: 'Storch, G. 2001. Paleobiological implications of the Messel mammalian assemblage. In: Eocene biodiversity: unusual occurrences and rarely sampled habitats (ed. G.F. Gunnel), pp. 215‒235. New York, Kluwer.', 156: 'von Koenigswald, W. 1992 The arboreal Kopidodon, a relative of primitive hoofed animals. In Messel: an insight into the history of life and of the earth (eds. S. Schaal & W. Ziegler), pp. 233‒237. Oxford, UK: Clarendon Press.', 157: 'Clemens, W. A. & von Koenigswald, W. 1993 A new skeleton of Kopidodon macrognathus from the Middle Eocene of Messel and the relationships of paroxyclaenids and pantolestids based on postcranial evidence. Kaupia 3, 57–73.', 158: 'Storch, G. & Lister, A.M. 1985 Leptictidium nasutum, ein Pseudorhyncocyonide aus dem Eozän der “Grube Messel” bei Darmstadt (Mammalia, Proteutheria) [Lepticidium nasutum, a pseudorhyncocyonid from the Eocene of the Messel Pit near Darmstadt (Mammalia, Proteutheria)]. Senck. Leth. 66, 1–37. German', 159: 'Tobien H. (1962) Insectivoren (Mamm.) aus dem Mittel Eozän (Lutetium) von Messel bei Darmstadt [Insectivores (Mamm.) from the middle Eocene (Lutetian) of Messel near Darmstadt]. Notiz. Hess. Landes. Boden. Wiesbaden 90, 7–41. German', 160: 'von Koenigswald W. & Storch, G. 1987 Leptictidium tobieni n. sp., ein dritter Pseudorhynchcyonidae (Protoeutheria, Mammalia) aus dem Eozän von Messel [Lepticidium tobieni n. sp., a second pseudorhynchocyonid (Protoeutheria, Mammalia) from the Eocene of Messel]. Cour. Forsch.-Inst. Senck. 91, 107–116. German', 161: 'von Koenigswald, W., Storch, G. & Richter, R. 1992 Rodents: at the start of a great career. In Messel: an insight into the history of life and of the earth (eds. S. Schaal & W. Ziegler), pp. 217‒222. Oxford, UK: Clarendon Press.', 162: 'Szalay, F.S. & Schrenk, F. 2001 An enigmatic new mammal (Dermoptera?) from the Messel middle Eocene, Germany. Kaupia 11, 153–164.', 163: 'Kaltoff, D.C., von Koenigswald, W. & Kurz, C. 2004 A new specimen of Heterohyus nanus (Apatemyidae, Mammalia) from the Eocene of Messel (Germany) with unusual soft-part preservation. Cour. Forsch.-Inst. Senck. 252, 1‒12.', 164: 'Storch, G. & Richter, G. 1992 The ant-eater Eurotamandua: a South American in Europe. In: Messel: an insight into the history of life and of the earth (eds. S. Schaal & W. Ziegler), pp. 209‒215. Oxford, UK: Clarendon Press.', 165: 'Franzen, J.L. 1985 Exceptional preservation of Eocene vertebrates in the lake deposit of Grube Messel (West Germany). Philos. Trans. Roy. Soc. Lond. B 311, 181–185.', 166: 'Habersetzer, J., Richter, G. & Storch, G. 1992 Bats: already highly specialized insect predators In: Messel: an insight into the history of life and of the earth (eds. S. Schaal & W. Ziegler), pp. 179‒191. Oxford, UK: Clarendon Press.', 167: 'Storch, G., Sigé, B. & Habersetzer, J. 2002 Tachypteron franzeni n. gen., n. sp., earliest emballonurid bat from the Middle Eocene of Messel (Mammalia, Chiroptera). Paläontol. Z. 76, 189–199.', 168: 'Morlo, M. & Habersetzer, J. 1999 The Hyaenodontidae (Creodonta, Mammalia) from the lower Middle Eocene (MP 11) of Messel (Germany) with special remarks on a new x-ray method. Cour. Forsch.-Inst. Senck. 216, 31–73.', 169: 'Springhorn, R. 1982 Neue Raubtiere (Mammalia: Creodonta et Carnivora) aus dem Lutetium Grube Messel (Deutschland) [New carnivores (Mammalia: Creodonta and Carnivora) from the Lutetian of the Messel Pit (Germany)]. Palaeontogr. Abt A 179, 105–141. German', 170: 'Storch, G. & Martin, T. 1994 Eomanis krebsi, ein neues Schuppentier aus dem Mittel-Eozän der Grube Messel bei Darmstadt (Mammalia: Pholidota) [Eomanis krebsi, a new pangolin from the middle Eocene Messel Pit near Darmstadt (Mammalia: Pholidota)]. Berliner Geowissen. Abhand. E 13, 83–97. German', 171: 'von Koenigswald, W., Richter, G. & Storch, G. 1981 Nachweis von hornschuppen bei Eomanis waldi aus der “Grube Messel” bei Darmstadt (Mammalia, Pholidota) [Evidence of a scaly anteater near Eomanis waldi from the Messel Pit near Darmstadt (Mammalia, Pholidota)]. Senck. Leth. 61, 291–298. German', 172: 'Storch, G. & Richter, G. 1992 Pangolins: almost unchanged for 50 million years. In Messel: an insight into the history of life and of the earth (eds. S. Schaal & W. Ziegler), pp. 201‒207. Oxford, UK: Clarendon Press.', 173: 'Springhorn, R. 2001 Messelogale, eine neue Raubtiergattung aus dem Mitteleozän von Messel (Darmstadt) [Messelogale, a new carnivore from the middle Eocene of Messel (Darmstadt)]. Paläontol. Z. 54, 171–198. German', 174: 'Franzen, J.L. & Richter, G. 1992 Primitive, even-toed ungulates: loners in the undergrowth. In: Messel: an insight into the history of life and of the earth (eds. S. Schaal & W. Ziegler), pp. 249‒256. Oxford, UK: Clarendon Press.', 175: 'Franzen, J.L. 1981 Hyrachus minimus (Mammalia, Perissodactylia, Helaletidae) aus den mitteleozänen Ölschiefern der “Grube Messel” (Deutschland, S-Hessen) [Hyrachus minimus (Mammalia, Perissodactylia, Helaletidae) from the middle Eocene oil shales of Messel Pit (Germany, south Hesse)]. Senck. Leth. 61, 371–376. German', 176: 'Franzen, J.L. 1995 Die Equoidea des europäischen Mitteleozäns (Geiseltalium) [The Equoidea from the European middle Eocene (Geiseltalian)]. Hall. Jahrb. Geowiss. Abt. B 17, 31–45. German', 177: 'Franzen, J.L. 1992 The Messel horse show, and other odd-toed ungulates. In Messel: an insight into the history of life and of the earth (eds. S. Schaal & W. Ziegler), pp. 239‒247. Oxford, UK: Clarendon Press.', 178: 'Franzen, J.L. 1990 Hallensia (Mammalia, Perissodactylia) aus Messel und dem Pariser Becken sowie Nachträge aus dem Geiseltal [Hallensia (Mammalia, Perissodactylia) from Messel and the Paris Basin and additions from the Geiseltal]. Bull. Inst. Roy. Sci. Nat. Belg. Sci. Terre 60, 175–201 German', 179: 'Franzen, J.L. 1981 Das erste Skelett eines Dichobuniden (Mammalia, Artiodactylia), geborgen aus mitteleozänen Ölschiefern der “Grube Messel” (Deutschland, S-Hessen) [The first skeleton of the Dichobunidae (Mammalia, Artiodactylia), salvaged from the middle Eocene oil shale of Messel Pit (Germany, south Hesse)]. Senck. Leth. 61, 299–353. German', 180: 'Tobien, H. 1985 Zur Osteologie von Masillabune (Mammalia, Artiodactyla, Haplobunodontidae) aus dem Mitteleozän der Fossilfundstätte Messel bei Darmstadt (S-Hessen, Bundesrepublik Deutschland) [The osteology of Masillabune (Mammalia, Artiodactyla, Haplobunodontidae) from the middle Eocene Messel fossil locality near Darmstadt (south Hesse, Federal Republic of Germany]. Geol. Jahrb. Hess 113, 5–58. German', 181: 'Erfurt, J. 1995 Taxonomie der eozänen Artiodactylia (Mammalia) des Geiseltales mit besonderer Berücksichtigung der Gattung Rhagatherium [Taxonomy of the Eocene Artiodactylia (Mammalia) of Geiseltal, with particular reference to the genus Rhagatherium]. Hall. Jahrb. Geowiss. Abt. B 17, 47–58. German', 182: 'Franzen, J.L. 2000 Europolemur kelleri n. sp. von Messel und ein Nachtrag zu Europolemur koenigswaldi (Mammalia, Primates, Notharctidae, Cercamoniinae) [Europolemur kelleri n. sp. of Messel and an addition to Europolemur koenigswaldi (Mammalia, Primates, Notharctidae, Cercamoniinae)]. Senck. Leth. 80, 275–287. German', 183: 'Thalmann, U., Haubold, H. & Martin, R. D. 1989 Pronyctibeus neglectus―an almost complete adapid primate specimen from the Geiseltal (GDR). Palaeovertebrata 19, 115–130.', 184: 'Franzen, J.L. 2000 Der sechste Messel-Primate (Mammalia, Primates, Notharctidae, Cercamoniinae) [The sixth Messel primate (Mammalia, Primates, Notharctidae, Cercamoniinae]. Senck. Leth. 80, 289–303. German', 185: 'Franzen, J.L. & von Koenigswald, W. 1992 Our closest relatives: the primates. In Messel: an insight into the history of life and of the earth (eds. S. Schaal & W. Ziegler), pp. 195‒199. Oxford, UK: Clarendon Press.', 186: 'Storch, G. & Seiffert, C. 2007 Extraordinary preserved specimen of the oldest known glirid from the middle Eocene of Messel (Rodentia). J. Vertebr. Paleontol. 27, 189–194.', 187: 'Paus, S.H. 2001 Reconstruction of the skull of Ailuravus macrurus (Rodentia) from the Eocene of Messel, Germany. Kaupia 11, 125–152.', 188: 'Samuels, J.X. 2009 Cranial morphology and dietary habits of rodents. Zool. J. Linn. Soc. 156, 864‒888.', 189: 'Escarguel, G. 1999 Les rongeurs de l’Éocène inférieur et moyen d’Europe occidentale: systématique, phylogénie, biochronology et paléobiogéographie des noveaux repères MP 7 à MP 14 [The rodents of the lower and middle Eocene of western Europe: systematics, phylogeny, biochronology and paleobiogeography of new biozones MP7 to MP14]. Palaeovertebrata 28, 89‒351. French.', 190: 'Duponnois, R., Paugy, M., Thiolouse, M., Masse, D. & LePage, M. 2005 Functional diversity of soil microbial community, rock phosphate dissolution and growth of Acacia seyal as influenced by grass-, litter- and soil-feeding termite structure amendments. Geoderma 134, 349–361.', 191: 'Richter, G. & Wedmann, S. 2005 Ecology of the Eocene lake Messel revealed by analysis of small fish coprolites and sediments from a drilling core. Palaeogeogr. Palaeoclimat. Palaeoecol. 223, 147‒162.', 192: 'Müller, W.E.G., Zahn, R.K. & Maidhoff, A. 1982 Spongilla gutenbergiana n. sp., ein Süsswasserschwamm aus dem Mittel-Eozän von Messel [Spongilla gutenbergiana n. sp., a freshwater sponge from the middle Eocene of Messel]. Senck. Leth. 63, 465–472. German', 193: 'Burns, A. & Walke, A.K.F. 2000 Biofilms as food for decapods (Atyidae, Palaemonidae) In: the River Murray, South Australia. Hydrobiologia 437, 83–90.', 194: 'Grunert, H. 1995 Eiablageverhalten und Substratnutzung von Erythromma najas. (Odonata: Coenagrionidae) [Ovipositional behavior and substrate use of Erythromma najas (Odonata: Coenagrionidae)]. Braun. Naturk. Schr. 4, 769–794. German', 195: 'Wappler, T. 2003. Die Insekten aus dem Mittel-Eozän des Eckfelder Maars Vulkaneifel. [The insects from the Middle Eocene Eckfeld Maar Volcano]. Mainz. Naturwiss. Arch. Beih. 27, 1‒234. German', 196: 'Hunt, J. & Charnley, A.K. 1981 Abundance and distribution of the gut flora of the desert locust Schistocerca gregaria. J. Invertebr. Pathol. 36, 378–385.', 197: 'Harwood, J.D., Samson, R.A. & Obrycki, J.J. 1996 No evidence for the uptake of Cry1Ab Bt endotoxins by the generalist predator Scarites subterraneus (Coleoptera; Carabidae) In: Laboratory and field experiments. Biocontrol Sci. Tech. 26, 377–378.', 198: 'Ohba, S.-Y. 2009 Ontogenetic dietary shift in the larvae of Cybister japonicus (Coleoptera: Dytiscidae) In: Japanese rice fields. Environ. Entomol. 38, 856–860.', 199: 'Bryson, H.R. 1935 Observations on the seasonal activities of wireworms (Elateridae). J. Kansas Entomol. Soc. 8, 131–140.', 200: 'Johnson, P.J. 2002 Elateridae Leach 1815. In American beetles, Volume 2, Polyphaga: Scarabaeoidea through Curculionoidea (eds. R.H. Arnett, Jr., M.C. Thomas, P.E. Skelley & J.H. Frank), pp. 160‒173. Boca Raton, Florida: C.R.C. Press.', 201: 'Mattson Jr, W. J. 1980 Herbivory in relation to plant nitrogen content. Annu. Rev. Ecol. Syst. 11, 119–161.', 202: 'Bedard, W.D., Tilden, P.E., Silverstein, R.M., Brownlee, R.G. & Rodin, J.O. 1969 Western pine beetle: field response to its sex pheromone and a synergistic host terpene myrcene. Science 164, 1284–1285.', 203: 'Mayr, G. 2003 Phylogeny of early Tertiary swifts and hummingbirds (Aves: Apodiformes). Auk 120, 145–151.', 204: 'Erfurt, J. 2000 Rekonstrukton des Sklettes und der Biologie von Anthracobunodon wiegelti. (Artiodactylia, Mammalia) aus dem Eozän des Geiseltales [Reconstruction of the skeleton and the biology of Anthracobunodon wiegelti (Artiodactylia, Mammalia) from the Eocene of Geiseltal]. Hall. Jahrb. Geowiss, Abt. B 12, 57–141. German'}"
