# index, _pos
0,"array([ -0.51442456, -14.75015483])"
1,"array([ -0.46239956, -14.73640576])"
2,"array([ -0.51980167, -14.81234668])"
3,"array([ -0.61711886, -14.92221225])"
4,"array([ -0.66706503, -15.01667696])"
5,"array([ -0.4682234 , -14.77342609])"
6,"array([ -0.38608896, -14.82438205])"
7,"array([ -0.40688252, -14.78915885])"
8,"array([ -0.39413889, -14.87365251])"
9,"array([ -0.5604038 , -14.79057755])"
10,"array([ -0.53609261, -14.72417178])"
11,"array([ -0.50205506, -14.65164475])"
12,"array([ -0.57692018, -14.99846999])"
13,"array([ -0.46939375, -14.79563423])"
14,"array([ -0.48443213, -14.70658795])"
15,"array([ -0.54171322, -14.61307987])"
16,"array([ -0.52249541, -14.64230713])"
17,"array([ -0.41771431, -14.71869545])"
18,"array([ -0.35383477, -14.62278446])"
19,"array([ -0.51920899, -14.70390277])"
20,"array([ -0.40045905, -14.68877603])"
21,"array([ -0.41989235, -14.74006689])"
22,"array([ -0.31341337, -14.68219873])"
23,"array([ -0.50781878, -14.71903029])"
24,"array([ -0.52312885, -14.57473194])"
25,"array([ -0.54910416, -14.6312534 ])"
26,"array([ -0.46058344, -14.69811712])"
27,"array([ -0.45865096, -14.62155825])"
28,"array([ -0.52638443, -14.77221387])"
29,"array([ -0.56392225, -14.55648316])"
30,"array([ -0.36363361, -14.81970243])"
31,"array([ -0.32348997, -14.86369507])"
32,"array([ -0.39523257, -14.80226115])"
33,"array([ -0.70297533, -14.80733025])"
34,"array([ -0.51382978, -14.6685574 ])"
35,"array([ -0.63307994, -14.68649481])"
36,"array([ -0.46279675, -14.71848842])"
37,"array([ -0.48628632, -14.72715983])"
38,"array([ -0.62056122, -15.05003142])"
39,"array([ -0.65194493, -15.04890356])"
40,"array([ -0.42531304, -14.67863505])"
41,"array([ -0.34725024, -14.66081082])"
42,"array([ -0.51434764, -14.68883276])"
43,"array([ -0.55241058, -14.64503037])"
44,"array([ -0.51738005, -14.8720534 ])"
45,"array([ -0.54678349, -14.77598029])"
46,"array([ -0.65913847, -14.84333816])"
47,"array([ -0.46868418, -14.88074779])"
48,"array([ -0.47168865, -14.81312975])"
49,"array([ -0.48554693, -14.78024161])"
50,"array([ -0.53405174, -14.85184857])"
51,"array([ -0.48944976, -14.80388807])"
52,"array([ -0.65825764, -14.61652534])"
53,"array([ -0.70388488, -14.67923851])"
54,"array([  0.20923379, -14.40532312])"
55,"array([  0.25810187, -14.45617239])"
56,"array([  0.18854789, -14.52676742])"
57,"array([  0.25589623, -14.64618696])"
58,"array([  0.2648095 , -14.60761994])"
59,"array([  0.17906308, -14.58742041])"
60,"array([  0.04338443, -14.65895057])"
61,"array([ -0.75294917, -14.89587964])"
62,"array([ -0.61431478, -14.83853943])"
63,"array([ -0.73586158, -14.88435082])"
64,"array([ -0.77582178, -14.86299843])"
65,"array([ -0.72860795, -14.78956906])"
66,"array([ -0.69108938, -14.7319533 ])"
67,"array([ -0.50846914, -14.7359314 ])"
68,"array([ -0.77045444, -14.62543791])"
69,"array([ -0.77784766, -14.83151967])"
70,"array([ -0.76832631, -14.77510315])"
71,"array([ -0.74359708, -14.70670934])"
72,"array([ -0.68508526, -14.67907554])"
73,"array([ -0.7115041 , -14.65677349])"
74,"array([ -0.61503589, -14.6729502 ])"
75,"array([ -0.41881864, -14.88027124])"
76,"array([ -0.62372211, -14.7318491 ])"
77,"array([ -0.62430975, -14.70208031])"
78,"array([ -0.59761676, -14.64502205])"
79,"array([ -0.69854924, -14.59633181])"
80,"array([ -0.36027051, -14.79434697])"
81,"array([ -0.70398328, -14.840553  ])"
82,"array([ -0.65655343, -14.85982524])"
83,"array([ -0.68777664, -14.92427225])"
84,"array([ -0.67415364, -14.87507285])"
85,"array([ -0.56397143, -14.45896864])"
86,"array([ -0.60330572, -14.7351477 ])"
87,"array([ -0.77251566, -14.98004707])"
88,"array([ -0.6954386 , -14.87946389])"
89,"array([ -0.6513652 , -14.95638634])"
90,"array([ -0.65712639, -14.88371284])"
91,"array([ -0.62541766, -14.94631718])"
92,"array([ -0.63176695, -14.66598383])"
93,"array([ -0.57898288, -14.59163763])"
94,"array([ -0.75275157, -14.64242373])"
95,"array([ -0.65102258, -14.66130198])"
96,"array([ -0.74908388, -14.98883569])"
97,"array([ -0.71506963, -14.87908383])"
98,"array([ -0.77429232, -14.89785142])"
99,"array([ -0.60046247, -14.92414047])"
100,"array([ -0.64354138, -14.89832651])"
101,"array([ -0.72602768, -14.69115354])"
102,"array([ -0.7564773 , -14.75806692])"
103,"array([ -0.64574322, -14.78267162])"
104,"array([ -0.54254427, -14.79290319])"
105,"array([ -0.64212895, -14.88370684])"
106,"array([ -0.67419532, -14.99459406])"
107,"array([ -0.64267818, -14.7303343 ])"
108,"array([ -0.69125649, -14.70603916])"
109,"array([ -0.67193264, -14.68501034])"
110,"array([ -0.73356224, -14.73392379])"
111,"array([ -0.77641979, -14.71637236])"
112,"array([ -0.67467944, -14.78860968])"
113,"array([ -0.69326664, -14.85535785])"
114,"array([ -0.80384192, -14.70410736])"
115,"array([ -0.64189487, -14.75872285])"
116,"array([ -0.61990595, -14.78149348])"
117,"array([ -0.53667578, -14.74672798])"
118,"array([ -0.50045199, -14.69357245])"
119,"array([ -0.56427197, -14.84325021])"
120,"array([ -0.48090528, -14.82505695])"
121,"array([ -0.36178387, -14.74708252])"
122,"array([ -0.43884938, -14.87468002])"
123,"array([ -0.54374465, -14.81863655])"
124,"array([ -0.59942005, -14.87845255])"
125,"array([ -0.57408653, -14.81891739])"
126,"array([ -0.56047707, -14.88395297])"
127,"array([ -0.57673324, -14.88779943])"
128,"array([ -0.6848752, -14.8158503])"
129,"array([ -0.81519044, -14.8584916 ])"
130,"array([ -0.81893244, -14.83143558])"
131,"array([ -0.58906148, -14.71505986])"
132,"array([ -0.56356519, -14.75029693])"
133,"array([ -0.59244486, -14.89065574])"
134,"array([ -0.38704184, -14.75835337])"
135,"array([ -0.27052792, -14.75903022])"
136,"array([ -0.57035913, -14.86633132])"
137,"array([ -0.70311825, -14.97630542])"
138,"array([ -0.65175908, -14.93730073])"
139,"array([ -0.78415483, -15.03786913])"
140,"array([ -0.70507104, -14.77908859])"
141,"array([ -0.86303561, -14.72196607])"
142,"array([ -0.82883225, -14.76483814])"
143,"array([ -0.6190778 , -14.88277865])"
144,"array([ -0.73113325, -14.64163232])"
145,"array([ -0.79921573, -14.72691559])"
146,"array([ -0.85914547, -14.66136654])"
147,"array([ -0.57544405, -14.64156701])"
148,"array([ -0.6720373 , -14.66200391])"
149,"array([ -0.80863609, -14.67125743])"
150,"array([ -0.64858462, -14.70565809])"
151,"array([ -0.53488011, -14.67004216])"
152,"array([ -0.49457159, -14.66886493])"
153,"array([ -0.7938602 , -14.64469486])"
154,"array([ -0.84489403, -14.59919028])"
155,"array([ -0.66494883, -14.64166684])"
156,"array([ -0.60901293, -14.58910504])"
157,"array([ -0.53748957, -14.58929719])"
158,"array([ -0.53234099, -14.50745504])"
159,"array([ -0.49101178, -14.5636816 ])"
160,"array([ -0.66109288, -14.908155  ])"
161,"array([ -0.74869519, -14.94614243])"
162,"array([ -0.75731141, -14.82253899])"
163,"array([ -0.89262446, -14.78541003])"
164,"array([ -0.49508054, -14.62172804])"
165,"array([ -0.65767022, -14.54456677])"
166,"array([ -0.59776541, -14.60481528])"
167,"array([ -0.61335079, -14.71839786])"
168,"array([ -0.60059031, -14.79277767])"
169,"array([ -0.74865216, -14.68366836])"
170,"array([ -0.715188  , -14.71397094])"
171,"array([ -0.59948857, -14.69350859])"
172,"array([ -0.51167611, -14.55460571])"
173,"array([ -0.50684514, -14.45212981])"
174,"array([ -0.44229322, -14.50165536])"
175,"array([ -0.55846769, -14.60086503])"
176,"array([ -0.58630252, -14.48206514])"
177,"array([ -0.55133907, -14.42259399])"
178,"array([ -0.47466322, -14.49792039])"
179,"array([ -0.71181321, -14.82300333])"
180,"array([ -0.8751612 , -14.75923024])"
181,"array([ -0.85741695, -14.7840367 ])"
182,"array([ -0.58203804, -14.68478382])"
183,"array([ -0.5547798 , -14.72792175])"
184,"array([ -0.42499046, -14.80119486])"
185,"array([ -0.59898102, -14.52547694])"
186,"array([ -0.54885203, -14.54501708])"
187,"array([ -0.47131101, -14.67856718])"
188,"array([ -0.75416672, -14.86065387])"
189,"array([ -0.67223756, -14.82992337])"
190,"array([ -0.61905194, -14.65249893])"
191,"array([ -0.79526575, -14.88525144])"
192,"array([ -0.79856103, -14.9710991 ])"
193,"array([ -0.72290369, -14.85803765])"
194,"array([ -0.63083171, -14.85898963])"
195,"array([ -0.69409989, -14.4647222 ])"
196,"array([ -0.60896349, -14.15068973])"
197,"array([ -0.54468317, -14.22690272])"
198,"array([ -0.64937116, -14.35302256])"
199,"array([ -0.74182783, -14.52438617])"
200,"array([ -0.80273348, -14.61040194])"
201,"array([ -0.77808844, -14.6598767 ])"
202,"array([ -0.5125081 , -14.23178242])"
203,"array([ -0.61970944, -14.30863951])"
204,"array([ -0.68498721, -14.43670194])"
205,"array([ -0.20278881, -14.55114803])"
206,"array([ -0.33236417, -14.57846277])"
207,"array([ -0.48102143, -14.58434057])"
208,"array([ -0.28023049, -14.57710532])"
209,"array([ -0.39709925, -14.52877755])"
210,"array([ -0.31378261, -15.03344943])"
211,"array([ -0.32712008, -14.99501948])"
212,"array([ -0.17863589, -15.09934431])"
213,"array([ -0.03885556, -15.18927786])"
214,"array([  0.05465011, -15.26503069])"
215,"array([ -0.22052157, -15.05193945])"
216,"array([ -0.14903522, -15.07476496])"
217,"array([ -0.09698911, -15.1008101 ])"
218,"array([ -0.0352709 , -15.06094263])"
219,"array([ -0.27027352, -15.00828261])"
220,"array([ -0.16706921, -14.95354574])"
221,"array([ 1.11068039e-02, -1.50374270e+01])"
222,"array([ -0.06867821, -15.13831579])"
223,"array([ 7.94669069e-03, -1.51754056e+01])"
224,"array([ -0.17358685, -15.21789502])"
225,"array([ -0.14283412, -15.30299357])"
226,"array([ -0.1842282, -15.3828193])"
227,"array([ -0.15797381, -15.40376762])"
228,"array([ -0.16494998, -15.19543009])"
229,"array([ -0.1520459, -15.277799 ])"
230,"array([ -0.07924292, -15.36324743])"
231,"array([ -0.06401447, -15.44600041])"
232,"array([ -0.01819811, -15.22521019])"
233,"array([ -0.20601001, -15.20139373])"
234,"array([ -0.21235685, -15.27381294])"
235,"array([ -0.24148687, -15.3853356 ])"
236,"array([ -0.25542094, -15.46106526])"
237,"array([ -0.06230177, -15.23018838])"
238,"array([ -0.04596739, -15.26473388])"
239,"array([ -0.24127878, -15.18663488])"
240,"array([ -0.23906871, -15.23247254])"
241,"array([ -0.24414001, -15.31496837])"
242,"array([ -0.11649001, -15.37572065])"
243,"array([ -0.01978746, -15.26181984])"
244,"array([ -0.15030191, -15.37112445])"
245,"array([ -0.27329548, -15.32392529])"
246,"array([ -0.29137648, -15.29830446])"
247,"array([ -0.12460879, -15.40386069])"
248,"array([  0.0267528 , -15.07614984])"
249,"array([ -0.18824452, -15.12109523])"
250,"array([ -0.10590041, -15.0176566 ])"
251,"array([ -0.1076463 , -15.08455855])"
252,"array([ -0.13910958, -15.01540994])"
253,"array([ -0.30862131, -14.92687389])"
254,"array([ -0.13858426, -15.10531182])"
255,"array([ -0.05451518, -15.1052473 ])"
256,"array([ -0.28062802, -15.25315238])"
257,"array([ -0.02376081, -15.3000621 ])"
258,"array([ 4.29481483e-03, -1.51042512e+01])"
259,"array([ -0.21536298, -15.13103289])"
260,"array([ -0.13857005, -15.22986161])"
261,"array([ -0.1231358 , -15.28536356])"
262,"array([ -0.35626081, -14.8385004 ])"
263,"array([ -0.38943721, -14.91124805])"
264,"array([ -0.28835734, -14.91695661])"
265,"array([ -0.51297761, -14.85065152])"
266,"array([ -0.80052504, -14.94320433])"
267,"array([ -0.34511406, -14.87951902])"
268,"array([ -0.38593902, -14.93831662])"
269,"array([ -0.46007622, -14.86289639])"
270,"array([ -0.50263763, -14.76500959])"
271,"array([ -0.50101592, -14.82150099])"
272,"array([ -0.50727487, -14.79557648])"
273,"array([ -0.64703752, -14.97835989])"
274,"array([ -0.73334283, -15.04686374])"
275,"array([ -0.61478366, -14.90274187])"
276,"array([ -0.72943526, -14.96827717])"
277,"array([ -0.23803747, -14.88248855])"
278,"array([ -0.16624197, -14.89921666])"
279,"array([ -0.17881434, -14.81802254])"
280,"array([ -0.29955839, -14.82052471])"
281,"array([ -0.13506603, -14.81863249])"
282,"array([ -0.06867675, -14.78818211])"
283,"array([ -0.42358797, -14.82206613])"
284,"array([ -0.36834998, -14.90264263])"
285,"array([ -0.44192256, -14.77802259])"
286,"array([ -0.4768931, -14.9034411])"
287,"array([ -0.41040854, -14.90158855])"
288,"array([ -0.46724176, -14.75260538])"
289,"array([ -0.50551387, -14.93253938])"
290,"array([ -0.38658778, -14.55237572])"
291,"array([ -0.52014922, -14.49109226])"
292,"array([ -0.51349131, -14.60944908])"
293,"array([ -0.84317354, -14.97594635])"
294,"array([ -0.56782513, -14.77175141])"
295,"array([ -0.55664284, -14.9063344 ])"
296,"array([ -0.52333022, -14.83391615])"
297,"array([ -0.72429185, -15.00282353])"
298,"array([ -0.44427009, -14.80852646])"
299,"array([ -0.66620319, -14.72698319])"
300,"array([ -0.80954414, -14.90824847])"
301,"array([ -0.81926534, -14.93188501])"
302,"array([ -0.85811459, -14.95108706])"
303,"array([  0.15708578, -14.55922824])"
304,"array([  0.12610614, -14.59134337])"
305,"array([  0.03158712, -14.61206139])"
306,"array([ -0.34158094, -14.49283951])"
307,"array([ -0.22551801, -14.52554738])"
308,"array([ -0.01661642, -14.28683217])"
309,"array([ -0.10518607, -14.33564547])"
310,"array([ -0.21104231, -14.42241792])"
311,"array([ -0.37830636, -14.22620659])"
312,"array([ -0.34822521, -14.25789596])"
313,"array([ -0.27919541, -14.33774049])"
314,"array([ -0.17633838, -14.26560213])"
315,"array([ -0.23767324, -14.16166746])"
316,"array([ -0.32330297, -14.11885781])"
317,"array([ -0.45051096, -14.23081855])"
318,"array([ -0.43513502, -14.31115412])"
319,"array([ -0.48733971, -14.31370661])"
320,"array([ -0.59927536, -14.39780817])"
321,"array([ -0.60025852, -14.43808434])"
322,"array([ -0.55194222, -14.47268151])"
323,"array([ -0.43676025, -14.62244806])"
324,"array([ -0.56787533, -14.52900445])"
325,"array([ -0.47196644, -14.63369241])"
326,"array([ -0.16235746, -14.11973099])"
327,"array([ -0.17284651, -14.02035646])"
328,"array([ -0.24883559, -14.22969298])"
329,"array([ -0.13360061, -14.20012279])"
330,"array([ -0.07605016, -14.13264559])"
331,"array([ -0.11024512, -14.17643864])"
332,"array([ -0.28923717, -14.19422998])"
333,"array([ -0.17610269, -14.15713124])"
334,"array([ -0.32938182, -14.19008769])"
335,"array([ -0.49053863, -14.17718967])"
336,"array([ -0.46802585, -14.21079883])"
337,"array([ -0.52453728, -14.29689199])"
338,"array([ -0.61329597, -14.27289489])"
339,"array([ -0.62380988, -14.3456282 ])"
340,"array([ -0.60721778, -14.50467363])"
341,"array([ -0.30368678, -14.24066944])"
342,"array([ -0.25378976, -14.32819781])"
343,"array([ -0.26680043, -14.25287305])"
344,"array([ -0.31189586, -14.26904018])"
345,"array([ -0.36909044, -14.1820454 ])"
346,"array([ -0.30417396, -14.08970542])"
347,"array([ -0.224304  , -14.09183799])"
348,"array([ -0.21147685, -14.01144705])"
349,"array([ -0.24603491, -14.35836157])"
350,"array([ -0.18628364, -14.22854141])"
351,"array([ -0.12341879, -14.15172569])"
352,"array([ -0.10679661, -14.29216772])"
353,"array([ -0.05339032, -14.38231013])"
354,"array([  0.0477163 , -14.44386204])"
355,"array([  0.0834948 , -14.54754383])"
356,"array([ -0.19155027, -14.38880485])"
357,"array([ -0.16050884, -14.47820804])"
358,"array([ -0.03531829, -14.52718737])"
359,"array([  0.04853898, -14.58411732])"
360,"array([ -0.18837355, -14.29868344])"
361,"array([ -0.15538906, -14.60079351])"
362,"array([ -0.05661014, -14.64582312])"
363,"array([ 8.92929538e-03, -1.46872301e+01])"
364,"array([ -0.43967739, -14.39254456])"
365,"array([ -0.41178684, -14.21766954])"
366,"array([ -0.35725094, -14.09318412])"
367,"array([ -0.34899507, -13.99330167])"
368,"array([ -0.28865272, -14.12870787])"
369,"array([ -0.35862297, -14.0409973 ])"
370,"array([  0.05836873, -14.3472811 ])"
371,"array([ -0.14790077, -14.35539876])"
372,"array([ -0.02219038, -14.32545375])"
373,"array([ -0.26118071, -14.17406365])"
374,"array([ -0.24976944, -14.07428776])"
375,"array([ -0.17897795, -14.07127555])"
376,"array([ -0.68098938, -14.55349308])"
377,"array([ -0.56634635, -14.6225814 ])"
378,"array([ -0.27805769, -14.10383872])"
379,"array([ -0.1330433 , -14.05994961])"
380,"array([ -0.4207767 , -14.15395953])"
381,"array([ -0.5725478 , -14.11349873])"
382,"array([ -0.48343953, -14.239687  ])"
383,"array([ -0.54203766, -14.56075062])"
384,"array([ -0.32812155, -14.24410316])"
385,"array([ -0.29142974, -14.40443454])"
386,"array([ -0.21254827, -14.51589489])"
387,"array([ -0.15293365, -14.52801669])"
388,"array([ -0.13328303, -14.68526008])"
389,"array([ -0.28326906, -14.2296105 ])"
390,"array([ -0.21572807, -14.31592469])"
391,"array([ -0.23437917, -14.28431086])"
392,"array([ -0.06591729, -14.44124681])"
393,"array([  0.08360016, -14.47359426])"
394,"array([  0.32105983, -14.5125595 ])"
395,"array([ -0.60258398, -14.4610189 ])"
396,"array([ -0.34757203, -14.32471682])"
397,"array([ -0.33217772, -14.54930123])"
398,"array([ -0.30610601, -14.45638713])"
399,"array([ -0.32171787, -14.38932741])"
400,"array([ -0.19847952, -14.41309689])"
401,"array([ -0.26403648, -14.3507651 ])"
402,"array([ -0.23391604, -14.19126487])"
403,"array([ -0.2609363 , -14.38139006])"
404,"array([ -0.27329699, -14.48002074])"
405,"array([ -0.27460253, -14.52213392])"
406,"array([ -0.49426804, -14.20323051])"
407,"array([ -0.54335293, -14.27086399])"
408,"array([ -0.73557159, -14.31499068])"
409,"array([ -0.78960334, -14.42058038])"
410,"array([ -0.78811839, -14.52562506])"
411,"array([ -0.55064605, -14.51881699])"
412,"array([ -0.45064685, -14.13111341])"
413,"array([ -0.49684245, -14.06470071])"
414,"array([ -0.49577176, -14.12206789])"
415,"array([ -0.56578158, -14.00725809])"
416,"array([ -0.61440483, -13.92007286])"
417,"array([ -0.64710322, -13.85900405])"
418,"array([ -0.38466632, -13.99734318])"
419,"array([ -0.57831435, -14.91238085])"
420,"array([ -0.61146305, -14.85792669])"
421,"array([ -0.82158298, -14.80891101])"
422,"array([ -0.82424419, -14.88126499])"
423,"array([ -0.62314283, -14.7517625 ])"
424,"array([ -0.65338612, -14.82188632])"
425,"array([ -0.83718656, -14.85898066])"
426,"array([ -0.69995112, -15.00052996])"
427,"array([ -0.72667139, -14.81123561])"
428,"array([ -0.79426307, -14.80759062])"
429,"array([ -0.56985495, -14.653271  ])"
430,"array([ -0.70870264, -14.95332561])"
431,"array([ -0.69236323, -15.07070992])"
432,"array([ -0.7190915 , -15.10340135])"
433,"array([ -0.45030098, -14.9223284 ])"
434,"array([ -0.55012013, -14.85899089])"
435,"array([ -0.49339797, -14.74451896])"
436,"array([ -0.11115116, -15.18237448])"
437,"array([-1.27767496e-02, -1.51599587e+01])"
438,"array([  0.06212374, -15.21757952])"
439,"array([ -0.12928081, -15.13923871])"
440,"array([ -0.04384979, -15.15923845])"
441,"array([ 4.20162975e-04, -1.52010006e+01])"
442,"array([  0.09817544, -15.21597586])"
443,"array([-1.08493555e-02, -1.51220720e+01])"
444,"array([  0.03690675, -15.16237056])"
445,"array([  0.08229688, -15.18269144])"
446,"array([ -0.19289346, -15.3379997 ])"
447,"array([ -0.10050635, -15.30360409])"
448,"array([ -0.05993772, -15.33118737])"
449,"array([ -0.06206188, -15.29094498])"
450,"array([ -0.04582907, -15.37744048])"
451,"array([ -0.19860849, -15.1705412 ])"
452,"array([ -0.10772188, -15.22748722])"
453,"array([ -0.21565615, -14.73519529])"
454,"array([ -0.01886457, -14.74091414])"
455,"array([  0.08735854, -14.73036185])"
456,"array([  0.19338784, -14.73076304])"
457,"array([  0.24286953, -14.70275683])"
458,"array([  0.17767159, -14.65046792])"
459,"array([ -0.38640635, -14.61260772])"
460,"array([ -0.41703588, -14.56464236])"
461,"array([  0.34319862, -15.08047806])"
462,"array([  0.46359196, -15.14514189])"
463,"array([  0.57383342, -15.2041967 ])"
464,"array([  0.67482563, -15.25966173])"
465,"array([ -0.23862765, -14.83653121])"
466,"array([ -0.19311247, -14.76852102])"
467,"array([ -0.1226137 , -14.77096259])"
468,"array([ -0.12595693, -14.72316977])"
469,"array([ -0.57685634, -14.79699806])"
470,"array([ -0.42589515, -14.27767137])"
471,"array([ -0.3964302 , -14.17198043])"
472,"array([ -0.63940872, -14.92006735])"
473,"array([ -0.3076428 , -14.57699586])"
474,"array([ -0.04554428, -14.42412005])"
475,"array([ -0.03251704, -14.37595048])"
476,"array([ -0.82942676, -14.74444867])"
477,"array([ -0.9107705 , -14.66053047])"
478,"array([ -0.83443649, -14.58083305])"
479,"array([ -0.76121561, -14.45129867])"
480,"array([ -0.11938442, -14.74069749])"
481,"array([ -0.61517583, -14.81613622])"
482,"array([ -0.58843866, -14.97620161])"
483,"array([ -0.38335319, -14.96542555])"
484,"array([ -0.31333782, -14.89491025])"
485,"array([ -0.27950363, -14.78127834])"
486,"array([ -0.3137362 , -14.70666816])"
487,"array([ -0.71687292, -14.90505061])"
488,"array([ -0.62906035, -14.83437218])"
489,"array([ -0.59506041, -14.9500349 ])"
490,"array([ -0.55240524, -14.97354033])"
491,"array([ -0.42133829, -14.76692506])"
492,"array([ -0.77480094, -14.79972297])"
493,"array([ -0.88525789, -14.66685929])"
494,"array([ -0.72390885, -14.5885484 ])"
495,"array([ -0.81984431, -14.53544123])"
496,"array([ -0.80034156, -14.50756896])"
497,"array([ -0.93312304, -14.52713046])"
498,"array([ -0.92388982, -14.45665506])"
499,"array([ -0.98885678, -14.46653443])"
500,"array([ -1.07792009, -14.41568369])"
501,"array([ -0.74880993, -14.91713527])"
502,"array([ -0.88315329, -14.47064802])"
503,"array([ -0.18634752, -14.84860483])"
504,"array([ -0.20084109, -14.95802196])"
505,"array([ -1.09094615, -14.45679924])"
506,"array([ -0.81025029, -14.4635329 ])"
507,"array([ -0.92228455, -14.38038224])"
508,"array([ -0.76824791, -14.69572845])"
509,"array([ -0.50459489, -14.42441362])"
510,"array([ -0.89218033, -14.84196616])"
511,"array([ -0.81451932, -14.78596779])"
512,"array([ -0.83477804, -14.31091002])"
513,"array([ -0.81647423, -14.17725749])"
514,"array([ -0.88415227, -14.10851553])"
515,"array([ -0.93196996, -14.05966635])"
516,"array([ -0.70664834, -14.12214774])"
517,"array([ -0.21143648, -14.83479937])"
518,"array([ -0.19720369, -14.897078  ])"
519,"array([ -0.15928295, -14.7861054 ])"
520,"array([ -0.16901999, -14.3692417 ])"
521,"array([ -0.05507695, -14.30658866])"
522,"array([ -0.03327005, -14.25976789])"
523,"array([ -0.11828936, -14.7921588 ])"
524,"array([ -0.81517798, -14.63483514])"
525,"array([ -0.65845124, -14.57016162])"
526,"array([ -0.17270592, -14.46058785])"
527,"array([ -0.55921359, -14.5770081 ])"
528,"array([ -0.54236299, -14.69847539])"
529,"array([ -0.5185211 , -14.40083717])"
530,"array([ -0.48830053, -14.27162908])"
531,"array([ -0.43576834, -14.1987952 ])"
532,"array([ -0.45582233, -14.18927839])"
533,"array([ -0.1421224 , -14.74849883])"
534,"array([ -0.56956019, -14.96042873])"
535,"array([ -0.59591467, -14.83137137])"
536,"array([ -0.59057497, -14.754483  ])"
537,"array([ -0.67845324, -14.76970529])"
538,"array([ -0.85299919, -14.83441128])"
539,"array([ -0.97697973, -14.87313223])"
540,"array([ -1.05645906, -14.89889365])"
541,"array([ -0.69820065, -14.90527004])"
542,"array([ -0.56595999, -14.93392767])"
543,"array([ -0.45762154, -14.84373079])"
544,"array([ -0.43449693, -14.97697839])"
545,"array([ -0.39960331, -15.03202098])"
546,"array([ -0.36971331, -15.03728732])"
547,"array([ -0.3582766, -14.9542406])"
548,"array([ -0.26107913, -14.93564245])"
549,"array([ -0.86551357, -14.61326686])"
550,"array([ -0.82786713, -14.71762992])"
551,"array([ -0.73730982, -14.66583658])"
552,"array([ -0.48798355, -14.51854648])"
553,"array([ -0.6832321 , -14.89611114])"
554,"array([ -0.54053098, -15.00206051])"
555,"array([ -0.67271331, -14.94879327])"
556,"array([ -0.57798307, -15.03238824])"
557,"array([ -0.48063517, -14.97303396])"
558,"array([ -0.44198937, -14.8965795 ])"
559,"array([ -0.40788602, -14.83581592])"
560,"array([ -0.90436937, -14.63222345])"
561,"array([ -0.77116198, -14.56742827])"
562,"array([ -0.37435954, -14.87327349])"
563,"array([ -0.28188583, -14.83980504])"
564,"array([ -0.28442335, -14.74082464])"
565,"array([ -0.35954024, -14.76877193])"
566,"array([ -0.21023659, -14.86153928])"
567,"array([ -0.84887745, -14.80894976])"
568,"array([ -0.74573219, -14.6133994 ])"
569,"array([ -0.63145125, -14.80532188])"
570,"array([ -0.62659868, -14.96679823])"
571,"array([ -0.41210554, -14.85983842])"
572,"array([ -0.66300765, -14.59360479])"
573,"array([ -0.5930269 , -14.62629768])"
574,"array([ -0.90377078, -14.9309786 ])"
575,"array([ -0.98076652, -14.97739695])"
576,"array([ -0.62325595, -14.59953838])"
577,"array([ -0.53511357, -14.92430928])"
578,"array([ -0.64475293, -14.64315085])"
579,"array([ -0.74262272, -14.57639531])"
580,"array([ -0.87123017, -14.81475459])"
581,"array([ -0.48279995, -14.9272842 ])"
582,"array([  0.27475129, -14.67367869])"
583,"array([  0.35365284, -15.34553391])"
584,"array([  0.30134489, -15.30930623])"
585,"array([  0.22524221, -15.2644722 ])"
586,"array([  0.25441043, -15.34465303])"
587,"array([  0.2517559 , -15.40969239])"
588,"array([  0.19508627, -15.42636781])"
589,"array([  0.12354995, -15.39327732])"
590,"array([  0.03844578, -15.32657827])"
591,"array([  0.12929742, -15.1676568 ])"
592,"array([-1.46092399e-04, -1.50704968e+01])"
593,"array([ -0.18648488, -15.06596321])"
594,"array([ -0.42196412, -14.9230502 ])"
595,"array([ -0.39731524, -14.70887973])"
596,"array([ -0.3279058 , -14.79837249])"
597,"array([ -0.32995282, -14.82060456])"
598,"array([ -0.38040069, -14.14250496])"
599,"array([ -0.52784611, -14.42661956])"
600,"array([ -0.45420131, -14.42644327])"
601,"array([ -0.49682975, -14.36810684])"
602,"array([ -0.47063446, -14.3878782 ])"
603,"array([ -0.2752536, -14.3237109])"
604,"array([ -0.21293538, -14.35856467])"
605,"array([ -0.1850094 , -14.56000203])"
606,"array([ -0.16524352, -14.6902314 ])"
607,"array([ -0.12365308, -14.87459405])"
608,"array([ -0.25669158, -14.13878012])"
609,"array([ -0.24789168, -13.98590196])"
610,"array([ -0.24262639, -13.86485589])"
611,"array([ -0.23523525, -13.77238209])"
612,"array([ -0.2289636 , -13.70666165])"
613,"array([ -0.13522153, -14.32406034])"
614,"array([ -0.17287492, -14.2460429 ])"
615,"array([ -0.32404718, -14.47582717])"
616,"array([ -0.42561704, -14.47391103])"
617,"array([ -0.18000014, -14.18297345])"
618,"array([ -0.19292235, -14.08954602])"
619,"array([ -0.23146461, -14.33688996])"
620,"array([ -0.53085322, -14.46195192])"
621,"array([ -0.31325064, -14.30377917])"
622,"array([ -0.55930783, -14.30419596])"
623,"array([ -0.13640437, -14.37299887])"
624,"array([ -0.21269405, -14.46762602])"
625,"array([ -0.22398743, -14.54750034])"
626,"array([ -0.25696862, -14.60356342])"
627,"array([ -0.39306517, -14.44782808])"
628,"array([ -0.07033369, -14.36496243])"
629,"array([  0.03216876, -14.37568774])"
630,"array([  0.07686341, -14.44770996])"
631,"array([  0.01569445, -14.53875915])"
632,"array([  0.41934023, -14.5028733 ])"
633,"array([  0.48859014, -14.49391033])"
634,"array([ -0.47615488, -14.44177642])"
635,"array([ -0.295077  , -14.34515512])"
636,"array([ -0.2088425 , -14.26706517])"
637,"array([ -0.13788327, -14.29208638])"
638,"array([ -0.14628687, -14.40014634])"
639,"array([ -0.26256568, -14.40556948])"
640,"array([ -0.23033287, -14.48535922])"
641,"array([ -0.37644212, -14.50239294])"
642,"array([ -0.36536033, -14.39887191])"
643,"array([ -0.36406874, -14.36287935])"
644,"array([ -0.30875585, -14.42732408])"
645,"array([ -0.26890666, -14.45342218])"
646,"array([ -0.29645787, -14.27815038])"
647,"array([ -0.35013077, -14.19721574])"
648,"array([ -0.26716531, -14.27996921])"
649,"array([ -0.34301151, -14.29396971])"
650,"array([ -0.33014642, -14.27723382])"
651,"array([ -0.04226156, -14.88534354])"
652,"array([ -0.11016757, -14.83029256])"
653,"array([  0.06041453, -14.71853159])"
654,"array([ -0.66371191, -14.75682423])"
655,"array([ -0.50005994, -14.96541648])"
656,"array([ -0.69272239, -14.79043059])"
657,"array([ -0.59092477, -14.86198738])"
658,"array([ -0.04032583, -14.67491036])"
659,"array([-4.93499774e-03, -1.47761477e+01])"
660,"array([ -0.03564152, -14.83260542])"
661,"array([ -0.8389945 , -14.91142533])"
662,"array([ -0.87312302, -14.86367056])"
663,"array([ -0.79563398, -14.83812416])"
664,"array([ -0.77963399, -14.92925626])"
665,"array([ -0.66797756, -14.9261711 ])"
666,"array([ -0.72635961, -14.93916126])"
667,"array([ -0.48267497, -14.40634218])"
668,"array([ -0.39665781, -14.26935023])"
669,"array([ -0.05762052, -14.7078727 ])"
670,"array([ -0.65962442, -14.80018075])"
671,"array([ -0.67696013, -14.97343976])"
672,"array([ -0.61406514, -15.01220098])"
673,"array([  0.0221426 , -14.87838925])"
674,"array([ -0.80518871, -14.75222838])"
675,"array([ -0.76030636, -14.7308025 ])"
676,"array([ -0.24984025, -14.53616486])"
677,"array([ -0.28322406, -14.65638433])"
678,"array([ -0.56256823, -14.35350112])"
679,"array([ -0.59901373, -14.23977561])"
680,"array([ -0.56228857, -14.18212262])"
681,"array([ -0.52759848, -14.9803532 ])"
682,"array([ -0.53588556, -14.89735407])"
683,"array([ -0.78074564, -14.7499737 ])"
684,"array([ -0.37624829, -14.56950513])"
685,"array([ -0.58540154, -14.27116179])"
686,"array([ -0.2053344 , -14.79329742])"
687,"array([ -0.26458411, -14.89839446])"
688,"array([ -0.24462412, -14.58470654])"
689,"array([ -0.3333148 , -14.69820277])"
690,"array([ -0.28552024, -14.6887578 ])"
691,"array([ -0.21917612, -14.63109363])"
692,"array([ -0.36559819, -14.43669263])"
693,"array([ -0.33852229, -14.35201629])"
694,"array([ -0.50737923, -13.9208604 ])"
695,"array([ -0.46319677, -13.98937288])"
696,"array([ -0.44095889, -14.09082655])"
697,"array([ -0.47184131, -13.90763895])"
698,"array([ -0.41885759, -14.08312006])"
699,"array([ -0.75587061, -15.07640076])"
700,"array([ -0.80525871, -15.07242512])"
701,"array([ -0.4189696 , -14.95276122])"
702,"array([ -0.26605942, -14.96587504])"
703,"array([ -0.13172987, -14.92406053])"
704,"array([ -0.40212492, -14.63540386])"
705,"array([ -0.75536248, -15.10612723])"
706,"array([ -0.64078419, -15.01371096])"
707,"array([ -0.77481526, -14.95473416])"
708,"array([ -0.33815348, -14.60863216])"
709,"array([ -0.38882285, -14.67147597])"
710,"array([ -0.44933558, -14.68734654])"
711,"array([ -0.36274087, -14.85582272])"
712,"array([ -0.44477619, -14.72682001])"
713,"array([ -0.46199189, -14.65483978])"
714,"array([ -0.41135019, -14.66064784])"
715,"array([ -0.05395189, -14.75500822])"
716,"array([ -0.09448339, -14.75635988])"
717,"array([ -0.06334123, -14.68075872])"
718,"array([ -0.07730958, -14.59049534])"
719,"array([ -0.07883503, -14.54563169])"
720,"array([ -0.12314401, -14.62141607])"
721,"array([-6.00315614e-03, -1.45995407e+01])"
722,"array([  0.08419842, -14.58494578])"
723,"array([ -0.44401314, -15.01217376])"
724,"array([ -0.46621402, -15.11266764])"
725,"array([ -0.4511432 , -15.08316823])"
726,"array([ -0.50846442, -15.06706595])"
727,"array([ -0.52612827, -14.95401569])"
728,"array([ -0.43294637, -14.84324114])"
729,"array([ -0.40149688, -14.74477888])"
730,"array([ -0.60285167, -14.76928743])"
731,"array([ -0.60929394, -14.98802092])"
732,"array([ -0.48320827, -14.8503053 ])"
733,"array([ -0.22098643, -14.78203532])"
734,"array([ -0.55612947, -14.6617491 ])"
735,"array([ -0.37812936, -14.73255852])"
736,"array([ -0.58456719, -14.84606118])"
737,"array([  0.05421466, -14.89969449])"
738,"array([  0.03006435, -14.7550775 ])"
739,"array([ -0.09298047, -14.78249465])"
740,"array([ -0.02986586, -15.09797939])"
741,"array([ -0.22480163, -15.16676667])"
742,"array([  0.07884188, -15.11003117])"
743,"array([  0.06009013, -15.13738472])"
744,"array([ -0.03249261, -15.13033403])"
745,"array([ -0.08594402, -15.20164823])"
746,"array([ -0.10063906, -15.26509615])"
747,"array([ -0.15841463, -15.24220117])"
748,"array([ -0.32607066, -15.1096224 ])"
749,"array([ -0.18728886, -15.26142268])"
750,"array([ -0.38200885, -15.08337488])"
751,"array([ -0.29718091, -15.09494049])"
752,"array([ -0.3555099 , -15.10395034])"
753,"array([ -0.30225401, -15.06285142])"
754,"array([  0.14971488, -15.07287622])"
755,"array([  0.1868562, -14.9862427])"
756,"array([  0.23999301, -14.81951268])"
757,"array([  0.25745441, -15.08964131])"
758,"array([  0.24431799, -14.99147405])"
759,"array([  0.12575647, -14.89195423])"
760,"array([  0.22523781, -14.76017911])"
761,"array([ -0.06248168, -15.06812897])"
762,"array([ -0.3749915 , -15.15003467])"
763,"array([ -0.42635537, -15.21324918])"
764,"array([ -0.46615864, -15.28243766])"
765,"array([ -0.32612733, -15.08218114])"
766,"array([ -0.35515858, -15.07523713])"
767,"array([ -0.40898172, -15.24392474])"
768,"array([ -0.40788015, -15.32462196])"
769,"array([ -0.08172247, -15.11899885])"
770,"array([ -0.44427445, -15.32273363])"
771,"array([ -0.2598182 , -15.04506949])"
772,"array([ -0.03355924, -14.71524967])"
773,"array([ -0.33785879, -15.04626632])"
774,"array([ -0.23753784, -15.09744146])"
775,"array([ -0.28301275, -15.02932751])"
776,"array([ -0.27677663, -15.06929638])"
777,"array([  0.78920937, -15.32228111])"
778,"array([  0.73901651, -15.29485168])"
779,"array([ -0.21922581, -14.23180176])"
780,"array([ -0.49828205, -14.49161368])"
781,"array([ -0.50865377, -14.52344878])"
782,"array([ -0.36589951, -14.67696679])"
783,"array([ -0.3100268 , -14.74783568])"
784,"array([ -0.25803355, -14.73428876])"
785,"array([ -0.51148916, -14.58920697])"
786,"array([ -0.76639268, -14.59181443])"
787,"array([ -0.48156092, -14.54168049])"
788,"array([ -0.3685405 , -14.54263724])"
789,"array([ -0.64253639, -14.51870245])"
790,"array([ -0.68352964, -14.57960551])"
791,"array([ -0.44393159, -14.58303576])"
792,"array([ -0.43446871, -14.70604278])"
793,"array([ -0.44256984, -14.75641362])"
794,"array([ -0.37679949, -14.70473257])"
795,"array([ -0.42548394, -14.63960722])"
796,"array([ -0.52427208, -14.62147162])"
797,"array([ -0.59185149, -15.09153594])"
798,"array([ -0.65294504, -15.11648781])"
799,"array([ -0.66381514, -14.50830973])"
800,"array([ -0.71385502, -14.53157609])"
801,"array([ -0.60128341, -14.57233958])"
802,"array([ -0.75700949, -14.48833445])"
803,"array([ -0.84679963, -14.44076622])"
804,"array([ -0.82958712, -14.50681179])"
805,"array([ -0.75982761, -14.52580377])"
806,"array([ -0.6245403 , -14.56270483])"
807,"array([ -0.79241055, -14.78089506])"
808,"array([ -0.6101132 , -14.54684426])"
809,"array([ -0.36451423, -14.59437133])"
810,"array([ -0.8903384 , -14.42020599])"
811,"array([ -1.14173784, -14.38322858])"
812,"array([ -0.63951267, -14.49323111])"
813,"array([ -0.59700957, -14.66198959])"
814,"array([ -0.57745236, -14.73567891])"
815,"array([ -0.84244376, -14.53277034])"
816,"array([ -1.16287163, -14.44674159])"
817,"array([ -1.00671193, -14.32174152])"
818,"array([ -1.06566685, -14.28147061])"
819,"array([ -0.70812448, -14.56002683])"
820,"array([ -0.70501812, -14.63004682])"
821,"array([ -0.63565614, -14.62947424])"
822,"array([ -0.63625142, -14.58154393])"
823,"array([ -0.68661689, -14.64697143])"
824,"array([ -0.9191618 , -14.72458064])"
825,"array([ -0.89017951, -14.69407063])"
826,"array([ -0.90066632, -14.75317161])"
827,"array([ -0.63673614, -14.53968364])"
828,"array([ -0.7857355 , -14.68211652])"
829,"array([ -0.63927539, -14.61499601])"
830,"array([ -0.78081578, -14.54671755])"
831,"array([ -0.88974899, -14.52818059])"
832,"array([ -0.98400591, -14.51242477])"
833,"array([ -0.2513275 , -14.78986856])"
834,"array([ -0.15343211, -14.86821192])"
835,"array([ -0.08482555, -14.91954976])"
836,"array([ -0.57491301, -14.50931023])"
837,"array([ -0.58330534, -14.36951842])"
838,"array([ -0.56306523, -14.39261443])"
839,"array([ -0.7497709 , -14.79764664])"
840,"array([ -0.70560571, -14.7574941 ])"
841,"array([ -0.514687  , -14.90627711])"
842,"array([ -0.58082552, -14.60895135])"
843,"array([ -0.65396238, -14.686396  ])"
844,"array([ -0.61078592, -14.62014809])"
845,"array([  0.79554916, -15.24594838])"
846,"array([  0.74148674, -15.24683511])"
847,"array([ -0.39932026, -14.31704036])"
848,"array([ -0.02880488, -14.18252803])"
849,"array([ -0.19311671, -14.1268858 ])"
850,"array([ -0.2945861 , -14.15161897])"
851,"array([-1.12123737e-02, -1.45476457e+01])"
852,"array([  0.18112418, -14.55654687])"
853,"array([  0.15774828, -14.61361511])"
854,"array([  0.06460642, -14.63288418])"
855,"array([ -0.15166907, -14.70643124])"
856,"array([ -0.31294201, -14.84034031])"
857,"array([ -0.13343407, -14.48580698])"
858,"array([ -0.11804537, -14.39359143])"
859,"array([ -0.18808982, -14.3296674 ])"
860,"array([ -0.12004324, -14.00314932])"
861,"array([ -0.05695061, -13.9133215 ])"
862,"array([ -0.02332995, -13.84607854])"
863,"array([ -0.07591845, -14.39772469])"
864,"array([ -0.11090385, -14.36161095])"
865,"array([ -0.20846418, -14.67085519])"
866,"array([ -0.10053602, -14.61896464])"
867,"array([ -0.07764618, -14.52538423])"
868,"array([-2.84384809e-03, -1.45134069e+01])"
869,"array([  0.20449585, -14.67928161])"
870,"array([  0.15018773, -14.7903355 ])"
871,"array([  0.07028513, -14.96450844])"
872,"array([  0.16228083, -14.82791468])"
873,"array([  0.23270949, -14.8671274 ])"
874,"array([  0.30889767, -14.89523706])"
875,"array([  0.06677795, -14.67861622])"
876,"array([  0.1186781 , -14.75146878])"
877,"array([  0.07624113, -14.80018313])"
878,"array([  0.14830298, -14.85471285])"
879,"array([  0.07370224, -14.65471953])"
880,"array([  0.08204327, -14.7692705 ])"
881,"array([  0.03531556, -14.70294518])"
882,"array([ -0.09854482, -14.69484999])"
883,"array([ -0.19417106, -14.70874986])"
884,"array([  0.26140044, -14.9111912 ])"
885,"array([  0.35057638, -14.95310228])"
886,"array([  0.41372786, -14.98098448])"
887,"array([  0.20282933, -14.87751265])"
888,"array([  0.22845493, -14.94593624])"
889,"array([  0.10809575, -15.11682271])"
890,"array([ -0.13030534, -14.41857753])"
891,"array([ -0.09083132, -14.44614174])"
892,"array([ -0.25338763, -14.43536262])"
893,"array([ -0.38285047, -14.41536099])"
894,"array([ -0.26988963, -14.62727459])"
895,"array([ -0.26585415, -14.64708649])"
896,"array([ -0.19720844, -14.64282246])"
897,"array([ -0.24434341, -14.62033379])"
898,"array([ -0.0216541 , -14.64936457])"
899,"array([  0.09402195, -14.69681551])"
900,"array([  0.16114274, -14.74089149])"
901,"array([  0.17681631, -14.68097845])"
902,"array([  0.23358841, -14.49605549])"
903,"array([  0.27910984, -14.37858876])"
904,"array([  0.26238687, -14.51240838])"
905,"array([  0.27599936, -14.32707327])"
906,"array([  0.36588968, -14.30680133])"
907,"array([  0.42105602, -14.31707758])"
908,"array([  0.37203186, -14.35212619])"
909,"array([ -0.37995342, -14.64782065])"
910,"array([ -0.4416717 , -14.65431115])"
911,"array([  0.2869905 , -14.85134793])"
912,"array([  0.38394425, -14.87384546])"
913,"array([  0.4519401 , -14.88905424])"
914,"array([  0.33006803, -14.77448755])"
915,"array([  0.40236655, -14.78331919])"
916,"array([  0.01729649, -14.42532409])"
917,"array([  0.14784007, -14.35789197])"
918,"array([  0.24475548, -14.28845762])"
919,"array([  0.29768311, -14.22957551])"
920,"array([  0.1172475 , -14.34100598])"
921,"array([  0.1879629 , -14.26835192])"
922,"array([  0.20449973, -14.19777583])"
923,"array([  0.13638313, -14.20083279])"
924,"array([  0.03713102, -14.25170756])"
925,"array([ -0.08310187, -14.31487524])"
926,"array([ -0.15014523, -14.14087858])"
927,"array([ -0.10514465, -14.10388415])"
928,"array([ -0.14261923, -14.18024394])"
929,"array([  0.08890417, -15.03177445])"
930,"array([ -0.23785899, -14.75175402])"
931,"array([ -0.33666961, -14.75413487])"
932,"array([  0.28357324, -14.54274832])"
933,"array([  0.1114259 , -14.65779936])"
934,"array([  0.26232202, -14.57191832])"
935,"array([-1.12236225e-02, -1.50197595e+01])"
936,"array([ -0.20118613, -14.61320333])"
937,"array([ -0.06187742, -14.46863706])"
938,"array([ -0.10651574, -14.47225614])"
939,"array([ -0.18735921, -14.53467109])"
940,"array([ -0.33632805, -14.51443939])"
941,"array([ -0.41386439, -14.53591578])"
942,"array([ -0.06411126, -14.33182339])"
943,"array([ -0.06222563, -14.22244913])"
944,"array([-6.22793166e-03, -1.41396361e+01])"
945,"array([ -0.45659201, -14.3231587 ])"
946,"array([ -0.19117979, -14.66674634])"
947,"array([ -0.37686165, -14.78003664])"
948,"array([ 1.04476769e-02, -1.46443029e+01])"
949,"array([-6.02240831e-03, -1.43553134e+01])"
950,"array([  0.02017924, -14.95519977])"
951,"array([ -0.06063839, -14.96887829])"
952,"array([ -0.0431229, -14.7993793])"
953,"array([  0.04813051, -14.7378994 ])"
954,"array([  0.10876786, -14.81996812])"
955,"array([  0.17271191, -14.77062709])"
956,"array([  0.13095969, -14.68909156])"
957,"array([ -0.30537581, -14.52829318])"
958,"array([ -0.33983447, -14.44284214])"
959,"array([ -0.41485124, -14.44113914])"
960,"array([ -0.4884417 , -14.46390366])"
961,"array([ -0.05250295, -14.58999287])"
962,"array([ -0.09932059, -14.54469739])"
963,"array([ -0.18658563, -14.5095101 ])"
964,"array([ -0.34576972, -14.4652848 ])"
965,"array([ -0.1640927 , -14.50234199])"
966,"array([ -0.15353269, -14.56618125])"
967,"array([ -0.39499604, -14.59633437])"
968,"array([ -0.46040286, -14.59547025])"
969,"array([ -0.38594072, -14.84889586])"
970,"array([ -0.1937777, -14.4390757])"
971,"array([ -0.16893873, -14.33975941])"
972,"array([ -0.20816292, -14.2901436 ])"
973,"array([ -0.40309959, -14.99406751])"
974,"array([ -0.33557589, -14.15298735])"
975,"array([ -0.37910539, -14.07112935])"
976,"array([ -0.71021344, -14.43594484])"
977,"array([ -0.92973356, -14.57304998])"
978,"array([ -0.86288723, -14.56311916])"
979,"array([ -0.69248093, -14.37737489])"
980,"array([ -0.74953628, -14.42672889])"
981,"array([ -0.67100861, -14.40349445])"
982,"array([ -0.39820083, -14.47081249])"
983,"array([ -0.40002649, -14.5090744 ])"
984,"array([ -0.3621305 , -14.51591461])"
985,"array([ -0.44967259, -14.46743925])"
986,"array([ -0.16706133, -14.72923379])"
987,"array([ -0.2193274 , -14.57680818])"
988,"array([ -0.2434635 , -14.50674711])"
989,"array([ -0.31002747, -14.36579608])"
990,"array([ -0.26995474, -14.70410395])"
991,"array([ -0.33993152, -14.92318548])"
992,"array([ -0.31976009, -14.64614513])"
993,"array([ -0.33799748, -14.41247134])"
994,"array([ -0.32782355, -14.07531008])"
995,"array([ -0.1291983 , -14.58057988])"
996,"array([ 5.89433596e-03, -1.44572155e+01])"
997,"array([  0.07638876, -14.50263534])"
998,"array([  0.03646509, -14.5537234 ])"
999,"array([  0.09718008, -14.61146959])"
1000,"array([ -0.11254279, -14.59245734])"
1001,"array([ 6.96428052e-03, -1.45750875e+01])"
1002,"array([  0.03730474, -14.47115363])"
1003,"array([  0.09499014, -14.40583105])"
1004,"array([ -0.34284875, -14.7198109 ])"
1005,"array([ -0.23086061, -14.68581261])"
1006,"array([ -0.26851037, -14.86846249])"
1007,"array([ -0.17596913, -14.42060469])"
1008,"array([-5.26256543e-03, -1.41148939e+01])"
1009,"array([  0.03326644, -14.03535009])"
1010,"array([ -0.29815863, -14.55576852])"
1011,"array([ -0.16561317, -14.65598929])"
1012,"array([ -0.35110015, -14.70322706])"
1013,"array([ -0.29306549, -14.63952839])"
1014,"array([ -0.23770908, -14.71195028])"
1015,"array([ -0.64325443, -14.26697494])"
1016,"array([ -0.62125327, -14.37273397])"
1017,"array([ -0.68291023, -14.30816026])"
1018,"array([ -0.79612424, -14.59077612])"
1019,"array([ -0.40260676, -14.29719681])"
1020,"array([ -0.34541356, -14.22127704])"
1021,"array([ -0.2568655 , -14.20921341])"
1022,"array([ -0.73990404, -14.34917187])"
1023,"array([ -0.51422116, -14.25859991])"
1024,"array([ -0.23526404, -14.26527197])"
1025,"array([ -0.11513527, -14.23125848])"
1026,"array([ -0.45485574, -14.25601203])"
1027,"array([ -0.39514951, -14.24564066])"
1028,"array([-4.98871317e-03, -1.53869445e+01])"
1029,"array([  0.04310246, -15.51686309])"
1030,"array([  0.05387565, -15.56712185])"
1031,"array([  0.05017663, -15.36442282])"
1032,"array([  0.09533406, -15.33727893])"
1033,"array([  0.04721915, -15.29408166])"
1034,"array([  0.03180625, -15.20729272])"
1035,"array([  0.07951   , -15.58977101])"
1036,"array([ 9.66309142e-03, -1.53499943e+01])"
1037,"array([ 5.94647410e-03, -1.52883351e+01])"
1038,"array([  0.09839963, -15.55134229])"
1039,"array([ -0.13660679, -15.17696132])"
1040,"array([ -0.04792918, -15.21530882])"
1041,"array([  0.02589655, -15.25659162])"
1042,"array([  0.07628652, -15.24472998])"
1043,"array([  0.02341353, -15.5849972 ])"
1044,"array([ -0.36513242, -14.48094741])"
1045,"array([ -0.24529287, -14.64196459])"
1046,"array([ -0.19128135, -14.48105973])"
1047,"array([ -0.13465435, -14.51229069])"
1048,"array([ -0.26605657, -14.5551357 ])"
1049,"array([ -0.19113653, -14.58864687])"
1050,"array([ -0.73836534, -14.83955614])"
1051,"array([ -0.72580919, -14.61540461])"
1052,"array([ -0.73305917, -14.54957549])"
1053,"array([ -0.20881464, -15.23080126])"
1054,"array([ -0.16028941, -15.1452479 ])"
1055,"array([ 1.16144718e-02, -1.51420559e+01])"
1056,"array([ -0.35456546, -15.22581684])"
1057,"array([ -0.4017919 , -15.13745616])"
1058,"array([ -0.4552348 , -14.95320566])"
1059,"array([ -0.28921289, -15.1386355 ])"
1060,"array([ -0.15134476, -15.04806416])"
1061,"array([ -0.07579845, -15.16858469])"
1062,"array([ -0.10386803, -15.15367912])"
1063,"array([ -0.44686987, -14.54228474])"
1064,"array([ -0.43573597, -14.43948551])"
1065,"array([ -0.39098604, -14.39221727])"
1066,"array([ -0.42018323, -14.40917007])"
1067,"array([ -0.12270956, -14.45654307])"
1068,"array([ -0.04631672, -14.48910849])"
1069,"array([ -0.04319571, -14.62538183])"
1070,"array([ -0.06999961, -14.7365075 ])"
1071,"array([ -0.13436174, -14.64508304])"
1072,"array([ -0.2802645 , -14.36800141])"
1073,"array([ -0.15551978, -14.31079786])"
1074,"array([ -0.1241695 , -14.25925221])"
1075,"array([  0.10881091, -14.37260438])"
1076,"array([  0.23070368, -14.36807907])"
1077,"array([  0.31900385, -14.37862396])"
1078,"array([  0.33300266, -14.42625503])"
1079,"array([ -0.22887733, -14.44139303])"
1080,"array([ -0.28402333, -14.53932983])"
1081,"array([ -0.3150956 , -14.61841774])"
1082,"array([ -0.42130866, -14.24617083])"
1083,"array([ -0.22116887, -14.0646482 ])"
1084,"array([ -0.46800994, -14.16946387])"
1085,"array([ -0.52891113, -14.08314868])"
1086,"array([ -0.52235091, -14.03672255])"
1087,"array([ -0.46619084, -14.10994932])"
1088,"array([ -0.42293659, -14.59679068])"
1089,"array([ -0.48231888, -14.60642864])"
1090,"array([ -0.48124712, -14.65566328])"
1091,"array([ -0.55880229, -14.68624909])"
1092,"array([ -0.67268329, -14.53151477])"
1093,"array([ -0.52740029, -14.54225085])"
1094,"array([ -0.57034616, -14.43694679])"
1095,"array([ -0.6945922 , -14.50808772])"
1096,"array([ -0.66249831, -14.46990693])"
1097,"array([ -0.65310899, -14.3170985 ])"
1098,"array([ -0.58865539, -14.20771182])"
1099,"array([ -0.44628308, -14.05536326])"
1100,"array([ -0.70052688, -14.40601882])"
1101,"array([ -0.69491751, -14.33326162])"
1102,"array([ -0.73209975, -14.22744503])"
1103,"array([ -0.65276764, -14.21335468])"
1104,"array([ -0.02688309, -14.45161014])"
1105,"array([ -0.28795395, -14.61401698])"
1106,"array([ -0.19711344, -14.36673914])"
1107,"array([ -0.42214207, -14.33551739])"
1108,"array([ -0.40981334, -14.05117336])"
1109,"array([ -0.41807077, -14.12151495])"
1110,"array([ -0.37834914, -14.1147328 ])"
1111,"array([ -0.4001162 , -14.10825362])"
1112,"array([  0.72804634, -15.36859207])"
1113,"array([  0.70014444, -15.32237333])"
1114,"array([ -0.62874241, -14.43964708])"
1115,"array([ -0.63800661, -14.39837855])"
1116,"array([ -0.58263699, -14.54454665])"
1117,"array([ -0.45781962, -14.52388376])"
1118,"array([ -0.6800989 , -14.62165331])"
1119,"array([ -0.62970624, -14.46979332])"
1120,"array([ -0.45821029, -14.55974717])"
1121,"array([ -0.66919815, -14.70611933])"
1122,"array([ -0.58222138, -14.56880483])"
1123,"array([ -0.79635383, -14.56394401])"
1124,"array([ -0.52694922, -14.36306075])"
1125,"array([ -0.85591391, -14.4939313 ])"
1126,"array([ -0.30316629, -14.59778362])"
1127,"array([ -0.1759516 , -14.62642042])"
1128,"array([ -0.45809611, -14.48732079])"
1129,"array([ -0.83937991, -14.68136425])"
1130,"array([ -0.95541885, -14.67873824])"
1131,"array([ -0.73041384, -14.75956069])"
1132,"array([ -0.29378092, -14.71984889])"
1133,"array([ -0.84748548, -14.63094759])"
1134,"array([ -0.44249965, -13.67232341])"
1135,"array([ -0.43190162, -13.7341603 ])"
1136,"array([ -0.41695549, -13.82100093])"
1137,"array([ -0.39926892, -13.93100645])"
1138,"array([  0.03176336, -14.51360889])"
1139,"array([  0.05131941, -14.39961352])"
1140,"array([  0.12873669, -14.30539776])"
1141,"array([-1.02663059e-02, -1.42103822e+01])"
1142,"array([ -0.08118473, -14.65040015])"
1143,"array([ -0.08638612, -14.72147526])"
1144,"array([  0.12229668, -14.50490226])"
1145,"array([  0.16223784, -14.40288819])"
1146,"array([  0.13653794, -14.24075508])"
1147,"array([  0.06727238, -14.22783722])"
1148,"array([ -0.25851581, -14.4704434 ])"
1149,"array([ -0.03939447, -14.55636456])"
1150,"array([ 1.21525273e-02, -1.44929533e+01])"
1151,"array([  0.09564886, -14.1805042 ])"
1152,"array([  0.2088605 , -14.12263032])"
1153,"array([  0.301713  , -14.09156698])"
1154,"array([  0.37595994, -14.10590078])"
1155,"array([  0.396076  , -14.17082896])"
1156,"array([  0.3554625 , -14.24683517])"
1157,"array([ -0.20311454, -14.19688135])"
1158,"array([ -0.13660894, -14.10072159])"
1159,"array([ -0.07809007, -14.08447515])"
1160,"array([  0.05641149, -14.13213292])"
1161,"array([  0.12743106, -14.02921894])"
1162,"array([  0.18329283, -13.95237853])"
1163,"array([  0.22294948, -13.89876241])"
1164,"array([  0.05744504, -14.17013017])"
1165,"array([  0.12519914, -14.10484576])"
1166,"array([  0.16525929, -14.09388104])"
1167,"array([  0.11887483, -14.1578635 ])"
1168,"array([  0.22368588, -14.25152104])"
1169,"array([ -0.03010089, -13.99366849])"
1170,"array([ -0.08988739, -13.90804986])"
1171,"array([ -0.10713224, -13.86166526])"
1172,"array([ -0.1383618 , -13.92496436])"
1173,"array([  0.08076871, -14.0915852 ])"
1174,"array([ -0.08538288, -14.20225467])"
1175,"array([  0.07713476, -14.32266299])"
1176,"array([  0.13587919, -14.42358522])"
1177,"array([  0.13166967, -14.53154207])"
1178,"array([  0.22321989, -14.63517156])"
1179,"array([  0.35932161, -14.64262644])"
1180,"array([  0.47102768, -14.64823541])"
1181,"array([  0.53400868, -14.67166324])"
1182,"array([  0.09473804, -14.28619941])"
1183,"array([  0.18893984, -14.35723316])"
1184,"array([  0.20761738, -14.46810206])"
1185,"array([  0.05200228, -14.30709274])"
1186,"array([  0.17199173, -14.23562808])"
1187,"array([  0.26938831, -14.1893698 ])"
1188,"array([  0.32801403, -14.14882934])"
1189,"array([  0.04361513, -14.21083986])"
1190,"array([  0.09584595, -14.23966875])"
1191,"array([ -0.17080548, -13.8928877 ])"
1192,"array([ -0.24531284, -13.95058371])"
1193,"array([ -0.27529225, -14.01181987])"
1194,"array([ -0.09406739, -14.38372278])"
1195,"array([ -0.35438437, -14.57350416])"
1196,"array([  0.53621567, -14.63101254])"
1197,"array([  0.22551124, -14.31745717])"
1198,"array([  0.16295944, -14.31575468])"
1199,"array([  0.01915249, -14.1634901 ])"
1200,"array([  0.03458298, -14.09276374])"
1201,"array([ -0.29360351, -14.04751039])"
1202,"array([-5.32408900e-03, -1.42380583e+01])"
1203,"array([ -0.07467265, -14.27663765])"
1204,"array([ -0.08361683, -14.1670757 ])"
1205,"array([ -0.20138431, -14.15336278])"
1206,"array([ -0.30950453, -14.20890552])"
1207,"array([ -0.23750112, -14.4021309 ])"
1208,"array([ -0.08455697, -14.49501443])"
1209,"array([ -0.16475145, -14.39466741])"
1210,"array([ -0.22552963, -14.38272231])"
1211,"array([ -0.149819  , -14.23615476])"
1212,"array([  0.07387429, -14.83661374])"
1213,"array([ -0.56692202, -14.70901267])"
1214,"array([ -0.49556822, -14.89089645])"
1215,"array([ -0.49135451, -15.01396599])"
1216,"array([-5.09685325e-03, -1.46241760e+01])"
1217,"array([ -0.09773075, -14.51601928])"
1218,"array([ -0.0819018 , -14.34809213])"
1219,"array([-3.62434945e-03, -1.43943706e+01])"
1220,"array([ -0.01782679, -14.47689154])"
1221,"array([ -0.37302075, -14.28177825])"
1222,"array([ -0.10304548, -14.42561187])"
1223,"array([ -0.14350062, -14.4432297 ])"
1224,"array([ -0.13176508, -14.54070321])"
1225,"array([ -0.23274302, -14.66253596])"
